registry_id,stat_land_combined,geo_id_revised,Stone_Unique_ID_revised,note,uncertainty_class,registry_stone_id
110000461107,F2,0600520050001,343139,Direct location match with industrial parcel. Highest confidence of petrochemical interest.,1,110000461107
110001869443,F1,0410290010268,327798,Direct location match with commercial or vacant land parcel. Could be gas station or legacy facility. May be of petrochemical interest.,2,110001869443
110005047546,F1,1447880010001,674960,Direct location match with commercial or vacant land parcel. Could be gas station or legacy facility. May be of petrochemical interest.,2,110005047546
110000460787,B1,1440390000001,1113104,"Direct location match with other parcel (not industrial, commercial, or vacant) e.g. residential or exempt. May be of petrochemical interest.",3,110000460787
110000460910,X1,NA,332744,"Direct location match with other parcel (not industrial, commercial, or vacant) e.g. residential or exempt. May be of petrochemical interest.",3,110000460910
110000462981,1D1,1005150000669,86236,"Direct location match with other parcel (not industrial, commercial, or vacant) e.g. residential or exempt. May be of petrochemical interest.",3,110000462981
110000463212,X1,NA,160788,"Direct location match with other parcel (not industrial, commercial, or vacant) e.g. residential or exempt. May be of petrochemical interest.",3,110000463212
110000824671,X1,NA,332744,"Direct location match with other parcel (not industrial, commercial, or vacant) e.g. residential or exempt. May be of petrochemical interest.",3,110000824671
110005009454,X1,NA,445450,"Direct location match with other parcel (not industrial, commercial, or vacant) e.g. residential or exempt. May be of petrochemical interest.",3,110005009454
110005009454,X1,NA,452668,"Direct location match with other parcel (not industrial, commercial, or vacant) e.g. residential or exempt. May be of petrochemical interest.",3,110005009454
110005009454,X1,NA,463596,"Direct location match with other parcel (not industrial, commercial, or vacant) e.g. residential or exempt. May be of petrochemical interest.",3,110005009454
110005009454,X1,NA,466893,"Direct location match with other parcel (not industrial, commercial, or vacant) e.g. residential or exempt. May be of petrochemical interest.",3,110005009454
110005009454,X1,NA,478312,"Direct location match with other parcel (not industrial, commercial, or vacant) e.g. residential or exempt. May be of petrochemical interest.",3,110005009454
110005009454,X1,NA,478943,"Direct location match with other parcel (not industrial, commercial, or vacant) e.g. residential or exempt. May be of petrochemical interest.",3,110005009454
110005009454,X1,NA,486649,"Direct location match with other parcel (not industrial, commercial, or vacant) e.g. residential or exempt. May be of petrochemical interest.",3,110005009454
110005009454,X1,NA,490803,"Direct location match with other parcel (not industrial, commercial, or vacant) e.g. residential or exempt. May be of petrochemical interest.",3,110005009454
110005025418,X1,NA,324563,"Direct location match with other parcel (not industrial, commercial, or vacant) e.g. residential or exempt. May be of petrochemical interest.",3,110005025418
110005025418,X2,NA,344884,"Direct location match with other parcel (not industrial, commercial, or vacant) e.g. residential or exempt. May be of petrochemical interest.",3,110005025418
110005051139,X1,NA,1122304,"Direct location match with other parcel (not industrial, commercial, or vacant) e.g. residential or exempt. May be of petrochemical interest.",3,110005051139
110012183216,1D1,0410030000827,133045,"Direct location match with other parcel (not industrial, commercial, or vacant) e.g. residential or exempt. May be of petrochemical interest.",3,110012183216
110013293211,X1,NA,160788,"Direct location match with other parcel (not industrial, commercial, or vacant) e.g. residential or exempt. May be of petrochemical interest.",3,110013293211
110031412521,X2,NA,640162,"Direct location match with other parcel (not industrial, commercial, or vacant) e.g. residential or exempt. May be of petrochemical interest.",3,110031412521
110033585234,D2,0451880000056,665748,"Direct location match with other parcel (not industrial, commercial, or vacant) e.g. residential or exempt. May be of petrochemical interest.",3,110033585234
110035071686,X1,NA,638688,"Direct location match with other parcel (not industrial, commercial, or vacant) e.g. residential or exempt. May be of petrochemical interest.",3,110035071686
110037199162,1D1,0451800010074,682629,"Direct location match with other parcel (not industrial, commercial, or vacant) e.g. residential or exempt. May be of petrochemical interest.",3,110037199162
110037850974,D2,0642230000006,102398,"Direct location match with other parcel (not industrial, commercial, or vacant) e.g. residential or exempt. May be of petrochemical interest.",3,110037850974
110040361783,1D1,0422520000065,961392,"Direct location match with other parcel (not industrial, commercial, or vacant) e.g. residential or exempt. May be of petrochemical interest.",3,110040361783
110044232773,1D1,1005150000669,86236,"Direct location match with other parcel (not industrial, commercial, or vacant) e.g. residential or exempt. May be of petrochemical interest.",3,110044232773
110064000502,X1,NA,1299981,"Direct location match with other parcel (not industrial, commercial, or vacant) e.g. residential or exempt. May be of petrochemical interest.",3,110064000502
110064116264,1D1,1005150000669,86236,"Direct location match with other parcel (not industrial, commercial, or vacant) e.g. residential or exempt. May be of petrochemical interest.",3,110064116264
110064116987,X1,NA,332744,"Direct location match with other parcel (not industrial, commercial, or vacant) e.g. residential or exempt. May be of petrochemical interest.",3,110064116987
NA,F2,0410080030005,72883,Industrial land. No facility points within 100 m. Chemical data will be missing but chemical release potential exists. Will need manual checks if these areas show severe flood risk.,5,72883
NA,F2,0410320010166,73058,Industrial land. No facility points within 100 m. Chemical data will be missing but chemical release potential exists. Will need manual checks if these areas show severe flood risk.,5,73058
NA,F2,0410320010195,75997,Industrial land. No facility points within 100 m. Chemical data will be missing but chemical release potential exists. Will need manual checks if these areas show severe flood risk.,5,75997
NA,F2,0401740000103,78897,Industrial land. No facility points within 100 m. Chemical data will be missing but chemical release potential exists. Will need manual checks if these areas show severe flood risk.,5,78897
NA,F2,0410080030229,82007,Industrial land. No facility points within 100 m. Chemical data will be missing but chemical release potential exists. Will need manual checks if these areas show severe flood risk.,5,82007
NA,F2,0410320010194,82761,Industrial land. No facility points within 100 m. Chemical data will be missing but chemical release potential exists. Will need manual checks if these areas show severe flood risk.,5,82761
NA,F2,0642230000180,83462,Industrial land. No facility points within 100 m. Chemical data will be missing but chemical release potential exists. Will need manual checks if these areas show severe flood risk.,5,83462
NA,F2,1340900010001,85687,Industrial land. No facility points within 100 m. Chemical data will be missing but chemical release potential exists. Will need manual checks if these areas show severe flood risk.,5,85687
NA,F2,0410320010178,95127,Industrial land. No facility points within 100 m. Chemical data will be missing but chemical release potential exists. Will need manual checks if these areas show severe flood risk.,5,95127
NA,F2,0402400050017,95470,Industrial land. No facility points within 100 m. Chemical data will be missing but chemical release potential exists. Will need manual checks if these areas show severe flood risk.,5,95470
NA,F2,0642230000149,103236,Industrial land. No facility points within 100 m. Chemical data will be missing but chemical release potential exists. Will need manual checks if these areas show severe flood risk.,5,103236
NA,F2,0402400050050,105623,Industrial land. No facility points within 100 m. Chemical data will be missing but chemical release potential exists. Will need manual checks if these areas show severe flood risk.,5,105623
NA,F2,0401740000104,108324,Industrial land. No facility points within 100 m. Chemical data will be missing but chemical release potential exists. Will need manual checks if these areas show severe flood risk.,5,108324
NA,F2,0642230000055,110891,Industrial land. No facility points within 100 m. Chemical data will be missing but chemical release potential exists. Will need manual checks if these areas show severe flood risk.,5,110891
NA,F2,0410320010193,112772,Industrial land. No facility points within 100 m. Chemical data will be missing but chemical release potential exists. Will need manual checks if these areas show severe flood risk.,5,112772
NA,F2,0401740000105,115866,Industrial land. No facility points within 100 m. Chemical data will be missing but chemical release potential exists. Will need manual checks if these areas show severe flood risk.,5,115866
NA,F2,0410320010019,118435,Industrial land. No facility points within 100 m. Chemical data will be missing but chemical release potential exists. Will need manual checks if these areas show severe flood risk.,5,118435
NA,F2,0420900000167,121252,Industrial land. No facility points within 100 m. Chemical data will be missing but chemical release potential exists. Will need manual checks if these areas show severe flood risk.,5,121252
NA,F2,1444060010002,126871,Industrial land. No facility points within 100 m. Chemical data will be missing but chemical release potential exists. Will need manual checks if these areas show severe flood risk.,5,126871
NA,F2,1444060010006,129882,Industrial land. No facility points within 100 m. Chemical data will be missing but chemical release potential exists. Will need manual checks if these areas show severe flood risk.,5,129882
NA,F2,1444060010005,129958,Industrial land. No facility points within 100 m. Chemical data will be missing but chemical release potential exists. Will need manual checks if these areas show severe flood risk.,5,129958
NA,F2,1444060010001,142265,Industrial land. No facility points within 100 m. Chemical data will be missing but chemical release potential exists. Will need manual checks if these areas show severe flood risk.,5,142265
NA,F2,1444060010003,145741,Industrial land. No facility points within 100 m. Chemical data will be missing but chemical release potential exists. Will need manual checks if these areas show severe flood risk.,5,145741
NA,F2,1444060010007,151550,Industrial land. No facility points within 100 m. Chemical data will be missing but chemical release potential exists. Will need manual checks if these areas show severe flood risk.,5,151550
NA,F2,1444060010004,151759,Industrial land. No facility points within 100 m. Chemical data will be missing but chemical release potential exists. Will need manual checks if these areas show severe flood risk.,5,151759
NA,F2,0502210000203,161113,Industrial land. No facility points within 100 m. Chemical data will be missing but chemical release potential exists. Will need manual checks if these areas show severe flood risk.,5,161113
NA,F2,0122840210001,169881,Industrial land. No facility points within 100 m. Chemical data will be missing but chemical release potential exists. Will need manual checks if these areas show severe flood risk.,5,169881
NA,F2,0591400150076,174121,Industrial land. No facility points within 100 m. Chemical data will be missing but chemical release potential exists. Will need manual checks if these areas show severe flood risk.,5,174121
NA,F2,0401680000215,200766,Industrial land. No facility points within 100 m. Chemical data will be missing but chemical release potential exists. Will need manual checks if these areas show severe flood risk.,5,200766
NA,F2,1172280000001,206100,Industrial land. No facility points within 100 m. Chemical data will be missing but chemical release potential exists. Will need manual checks if these areas show severe flood risk.,5,206100
NA,F2,1172280000003,216808,Industrial land. No facility points within 100 m. Chemical data will be missing but chemical release potential exists. Will need manual checks if these areas show severe flood risk.,5,216808
NA,F2,0502210000172,221156,Industrial land. No facility points within 100 m. Chemical data will be missing but chemical release potential exists. Will need manual checks if these areas show severe flood risk.,5,221156
NA,F2,1011890000008,223259,Industrial land. No facility points within 100 m. Chemical data will be missing but chemical release potential exists. Will need manual checks if these areas show severe flood risk.,5,223259
NA,F2,0410340030017,224025,Industrial land. No facility points within 100 m. Chemical data will be missing but chemical release potential exists. Will need manual checks if these areas show severe flood risk.,5,224025
NA,F2,0410340030125,225333,Industrial land. No facility points within 100 m. Chemical data will be missing but chemical release potential exists. Will need manual checks if these areas show severe flood risk.,5,225333
NA,F2,1446840010001,238912,Industrial land. No facility points within 100 m. Chemical data will be missing but chemical release potential exists. Will need manual checks if these areas show severe flood risk.,5,238912
NA,F2,0402620010004,245534,Industrial land. No facility points within 100 m. Chemical data will be missing but chemical release potential exists. Will need manual checks if these areas show severe flood risk.,5,245534
NA,F2,1446840010002,257770,Industrial land. No facility points within 100 m. Chemical data will be missing but chemical release potential exists. Will need manual checks if these areas show severe flood risk.,5,257770
NA,F2,0410220000020,258444,Industrial land. No facility points within 100 m. Chemical data will be missing but chemical release potential exists. Will need manual checks if these areas show severe flood risk.,5,258444
NA,F2,0151290000051,264317,Industrial land. No facility points within 100 m. Chemical data will be missing but chemical release potential exists. Will need manual checks if these areas show severe flood risk.,5,264317
NA,F2,0410220000157,273618,Industrial land. No facility points within 100 m. Chemical data will be missing but chemical release potential exists. Will need manual checks if these areas show severe flood risk.,5,273618
NA,F2,0450020010152,280025,Industrial land. No facility points within 100 m. Chemical data will be missing but chemical release potential exists. Will need manual checks if these areas show severe flood risk.,5,280025
NA,F2,1447320010002,281507,Industrial land. No facility points within 100 m. Chemical data will be missing but chemical release potential exists. Will need manual checks if these areas show severe flood risk.,5,281507
NA,F2,1447320010001,296664,Industrial land. No facility points within 100 m. Chemical data will be missing but chemical release potential exists. Will need manual checks if these areas show severe flood risk.,5,296664
NA,F2,0450020010229,301672,Industrial land. No facility points within 100 m. Chemical data will be missing but chemical release potential exists. Will need manual checks if these areas show severe flood risk.,5,301672
NA,F2,0410320000090,307136,Industrial land. No facility points within 100 m. Chemical data will be missing but chemical release potential exists. Will need manual checks if these areas show severe flood risk.,5,307136
NA,F2,0410290010082,348589,Industrial land. No facility points within 100 m. Chemical data will be missing but chemical release potential exists. Will need manual checks if these areas show severe flood risk.,5,348589
NA,F2,1401570010001,349399,Industrial land. No facility points within 100 m. Chemical data will be missing but chemical release potential exists. Will need manual checks if these areas show severe flood risk.,5,349399
NA,F2,1450760010001,362876,Industrial land. No facility points within 100 m. Chemical data will be missing but chemical release potential exists. Will need manual checks if these areas show severe flood risk.,5,362876
NA,F2,0402030000058,370889,Industrial land. No facility points within 100 m. Chemical data will be missing but chemical release potential exists. Will need manual checks if these areas show severe flood risk.,5,370889
NA,F2,0531230000021,394617,Industrial land. No facility points within 100 m. Chemical data will be missing but chemical release potential exists. Will need manual checks if these areas show severe flood risk.,5,394617
NA,F2,1242670010001,490944,Industrial land. No facility points within 100 m. Chemical data will be missing but chemical release potential exists. Will need manual checks if these areas show severe flood risk.,5,490944
NA,F2,1382860010002,509400,Industrial land. No facility points within 100 m. Chemical data will be missing but chemical release potential exists. Will need manual checks if these areas show severe flood risk.,5,509400
NA,F2,1288390010002,532988,Industrial land. No facility points within 100 m. Chemical data will be missing but chemical release potential exists. Will need manual checks if these areas show severe flood risk.,5,532988
NA,F2,1382860010001,537674,Industrial land. No facility points within 100 m. Chemical data will be missing but chemical release potential exists. Will need manual checks if these areas show severe flood risk.,5,537674
NA,F2,0260530000018,538444,Industrial land. No facility points within 100 m. Chemical data will be missing but chemical release potential exists. Will need manual checks if these areas show severe flood risk.,5,538444
NA,F2,1288390010003,548076,Industrial land. No facility points within 100 m. Chemical data will be missing but chemical release potential exists. Will need manual checks if these areas show severe flood risk.,5,548076
NA,F2,1181290010001,605462,Industrial land. No facility points within 100 m. Chemical data will be missing but chemical release potential exists. Will need manual checks if these areas show severe flood risk.,5,605462
NA,F2,1192450010001,614647,Industrial land. No facility points within 100 m. Chemical data will be missing but chemical release potential exists. Will need manual checks if these areas show severe flood risk.,5,614647
NA,F2,0291980000001,633753,Industrial land. No facility points within 100 m. Chemical data will be missing but chemical release potential exists. Will need manual checks if these areas show severe flood risk.,5,633753
NA,F2,1449700010001,652354,Industrial land. No facility points within 100 m. Chemical data will be missing but chemical release potential exists. Will need manual checks if these areas show severe flood risk.,5,652354
NA,F2,1201410010004,660894,Industrial land. No facility points within 100 m. Chemical data will be missing but chemical release potential exists. Will need manual checks if these areas show severe flood risk.,5,660894
NA,F2,0451870000226,685652,Industrial land. No facility points within 100 m. Chemical data will be missing but chemical release potential exists. Will need manual checks if these areas show severe flood risk.,5,685652
NA,F2,1201410010003,686742,Industrial land. No facility points within 100 m. Chemical data will be missing but chemical release potential exists. Will need manual checks if these areas show severe flood risk.,5,686742
NA,F2,1201410010005,693768,Industrial land. No facility points within 100 m. Chemical data will be missing but chemical release potential exists. Will need manual checks if these areas show severe flood risk.,5,693768
NA,F2,1452300010001,742402,Industrial land. No facility points within 100 m. Chemical data will be missing but chemical release potential exists. Will need manual checks if these areas show severe flood risk.,5,742402
NA,F2,0410520010083,743112,Industrial land. No facility points within 100 m. Chemical data will be missing but chemical release potential exists. Will need manual checks if these areas show severe flood risk.,5,743112
NA,F2,1349890010009,815912,Industrial land. No facility points within 100 m. Chemical data will be missing but chemical release potential exists. Will need manual checks if these areas show severe flood risk.,5,815912
NA,F2,1349890010008,838968,Industrial land. No facility points within 100 m. Chemical data will be missing but chemical release potential exists. Will need manual checks if these areas show severe flood risk.,5,838968
NA,F2,1349890010001,840683,Industrial land. No facility points within 100 m. Chemical data will be missing but chemical release potential exists. Will need manual checks if these areas show severe flood risk.,5,840683
NA,F2,0482220000078,850910,Industrial land. No facility points within 100 m. Chemical data will be missing but chemical release potential exists. Will need manual checks if these areas show severe flood risk.,5,850910
NA,F2,1158090020006,895931,Industrial land. No facility points within 100 m. Chemical data will be missing but chemical release potential exists. Will need manual checks if these areas show severe flood risk.,5,895931
NA,F2,0471780000055,913842,Industrial land. No facility points within 100 m. Chemical data will be missing but chemical release potential exists. Will need manual checks if these areas show severe flood risk.,5,913842
NA,F2,0471780000056,927356,Industrial land. No facility points within 100 m. Chemical data will be missing but chemical release potential exists. Will need manual checks if these areas show severe flood risk.,5,927356
NA,F2,1447720010001,1021993,Industrial land. No facility points within 100 m. Chemical data will be missing but chemical release potential exists. Will need manual checks if these areas show severe flood risk.,5,1021993
NA,F2,1399330010006,1113936,Industrial land. No facility points within 100 m. Chemical data will be missing but chemical release potential exists. Will need manual checks if these areas show severe flood risk.,5,1113936
NA,F2,1399330010007,1152084,Industrial land. No facility points within 100 m. Chemical data will be missing but chemical release potential exists. Will need manual checks if these areas show severe flood risk.,5,1152084
NA,F2,1443780020016,1201910,Industrial land. No facility points within 100 m. Chemical data will be missing but chemical release potential exists. Will need manual checks if these areas show severe flood risk.,5,1201910
NA,F2,1443780020021,1201969,Industrial land. No facility points within 100 m. Chemical data will be missing but chemical release potential exists. Will need manual checks if these areas show severe flood risk.,5,1201969
NA,F2,1443780010041,1202018,Industrial land. No facility points within 100 m. Chemical data will be missing but chemical release potential exists. Will need manual checks if these areas show severe flood risk.,5,1202018
NA,F2,1443780010027,1202036,Industrial land. No facility points within 100 m. Chemical data will be missing but chemical release potential exists. Will need manual checks if these areas show severe flood risk.,5,1202036
NA,F2,1443780010035,1202202,Industrial land. No facility points within 100 m. Chemical data will be missing but chemical release potential exists. Will need manual checks if these areas show severe flood risk.,5,1202202
NA,F2,1443780010012,1202438,Industrial land. No facility points within 100 m. Chemical data will be missing but chemical release potential exists. Will need manual checks if these areas show severe flood risk.,5,1202438
NA,F2,1443780010002,1203021,Industrial land. No facility points within 100 m. Chemical data will be missing but chemical release potential exists. Will need manual checks if these areas show severe flood risk.,5,1203021
NA,F2,1443780020032,1203077,Industrial land. No facility points within 100 m. Chemical data will be missing but chemical release potential exists. Will need manual checks if these areas show severe flood risk.,5,1203077
NA,F2,1443780020003,1203144,Industrial land. No facility points within 100 m. Chemical data will be missing but chemical release potential exists. Will need manual checks if these areas show severe flood risk.,5,1203144
NA,F2,1443780020001,1203417,Industrial land. No facility points within 100 m. Chemical data will be missing but chemical release potential exists. Will need manual checks if these areas show severe flood risk.,5,1203417
NA,F2,1443780010014,1203557,Industrial land. No facility points within 100 m. Chemical data will be missing but chemical release potential exists. Will need manual checks if these areas show severe flood risk.,5,1203557
NA,F2,1443780020027,1203695,Industrial land. No facility points within 100 m. Chemical data will be missing but chemical release potential exists. Will need manual checks if these areas show severe flood risk.,5,1203695
NA,F2,1443780020004,1203820,Industrial land. No facility points within 100 m. Chemical data will be missing but chemical release potential exists. Will need manual checks if these areas show severe flood risk.,5,1203820
NA,F2,1443780010039,1204377,Industrial land. No facility points within 100 m. Chemical data will be missing but chemical release potential exists. Will need manual checks if these areas show severe flood risk.,5,1204377
NA,F2,1443780020008,1204932,Industrial land. No facility points within 100 m. Chemical data will be missing but chemical release potential exists. Will need manual checks if these areas show severe flood risk.,5,1204932
NA,F2,1443780010001,1205220,Industrial land. No facility points within 100 m. Chemical data will be missing but chemical release potential exists. Will need manual checks if these areas show severe flood risk.,5,1205220
NA,F2,1443780020014,1206007,Industrial land. No facility points within 100 m. Chemical data will be missing but chemical release potential exists. Will need manual checks if these areas show severe flood risk.,5,1206007
NA,F2,1443780010004,1206083,Industrial land. No facility points within 100 m. Chemical data will be missing but chemical release potential exists. Will need manual checks if these areas show severe flood risk.,5,1206083
NA,F2,1443780010003,1206280,Industrial land. No facility points within 100 m. Chemical data will be missing but chemical release potential exists. Will need manual checks if these areas show severe flood risk.,5,1206280
NA,F2,1443780020018,1206716,Industrial land. No facility points within 100 m. Chemical data will be missing but chemical release potential exists. Will need manual checks if these areas show severe flood risk.,5,1206716
NA,F2,1443780010017,1206925,Industrial land. No facility points within 100 m. Chemical data will be missing but chemical release potential exists. Will need manual checks if these areas show severe flood risk.,5,1206925
NA,F2,1443780010040,1207312,Industrial land. No facility points within 100 m. Chemical data will be missing but chemical release potential exists. Will need manual checks if these areas show severe flood risk.,5,1207312
NA,F2,1443780010005,1207574,Industrial land. No facility points within 100 m. Chemical data will be missing but chemical release potential exists. Will need manual checks if these areas show severe flood risk.,5,1207574
NA,F2,1443780010008,1207602,Industrial land. No facility points within 100 m. Chemical data will be missing but chemical release potential exists. Will need manual checks if these areas show severe flood risk.,5,1207602
NA,F2,1443780010015,1207690,Industrial land. No facility points within 100 m. Chemical data will be missing but chemical release potential exists. Will need manual checks if these areas show severe flood risk.,5,1207690
NA,F2,1443780020028,1208264,Industrial land. No facility points within 100 m. Chemical data will be missing but chemical release potential exists. Will need manual checks if these areas show severe flood risk.,5,1208264
NA,F2,1443780010024,1208992,Industrial land. No facility points within 100 m. Chemical data will be missing but chemical release potential exists. Will need manual checks if these areas show severe flood risk.,5,1208992
NA,F2,1443780010011,1209642,Industrial land. No facility points within 100 m. Chemical data will be missing but chemical release potential exists. Will need manual checks if these areas show severe flood risk.,5,1209642
NA,F2,1443780010036,1209972,Industrial land. No facility points within 100 m. Chemical data will be missing but chemical release potential exists. Will need manual checks if these areas show severe flood risk.,5,1209972
NA,F2,1443780020020,1210636,Industrial land. No facility points within 100 m. Chemical data will be missing but chemical release potential exists. Will need manual checks if these areas show severe flood risk.,5,1210636
NA,F2,1443780020015,1212133,Industrial land. No facility points within 100 m. Chemical data will be missing but chemical release potential exists. Will need manual checks if these areas show severe flood risk.,5,1212133
NA,F2,1443780010023,1212249,Industrial land. No facility points within 100 m. Chemical data will be missing but chemical release potential exists. Will need manual checks if these areas show severe flood risk.,5,1212249
NA,F2,1443780020029,1212813,Industrial land. No facility points within 100 m. Chemical data will be missing but chemical release potential exists. Will need manual checks if these areas show severe flood risk.,5,1212813
NA,F2,1443780010034,1212846,Industrial land. No facility points within 100 m. Chemical data will be missing but chemical release potential exists. Will need manual checks if these areas show severe flood risk.,5,1212846
NA,F2,1443780010029,1212932,Industrial land. No facility points within 100 m. Chemical data will be missing but chemical release potential exists. Will need manual checks if these areas show severe flood risk.,5,1212932
NA,F2,1443780020005,1213098,Industrial land. No facility points within 100 m. Chemical data will be missing but chemical release potential exists. Will need manual checks if these areas show severe flood risk.,5,1213098
NA,F2,1443780010010,1213304,Industrial land. No facility points within 100 m. Chemical data will be missing but chemical release potential exists. Will need manual checks if these areas show severe flood risk.,5,1213304
NA,F2,1443780010018,1213515,Industrial land. No facility points within 100 m. Chemical data will be missing but chemical release potential exists. Will need manual checks if these areas show severe flood risk.,5,1213515
NA,F2,1443780020012,1213884,Industrial land. No facility points within 100 m. Chemical data will be missing but chemical release potential exists. Will need manual checks if these areas show severe flood risk.,5,1213884
NA,F2,1443780020022,1214268,Industrial land. No facility points within 100 m. Chemical data will be missing but chemical release potential exists. Will need manual checks if these areas show severe flood risk.,5,1214268
NA,F2,1443780010032,1214521,Industrial land. No facility points within 100 m. Chemical data will be missing but chemical release potential exists. Will need manual checks if these areas show severe flood risk.,5,1214521
NA,F2,1443780020011,1214660,Industrial land. No facility points within 100 m. Chemical data will be missing but chemical release potential exists. Will need manual checks if these areas show severe flood risk.,5,1214660
NA,F2,1443780010031,1214714,Industrial land. No facility points within 100 m. Chemical data will be missing but chemical release potential exists. Will need manual checks if these areas show severe flood risk.,5,1214714
NA,F2,1443780020013,1215034,Industrial land. No facility points within 100 m. Chemical data will be missing but chemical release potential exists. Will need manual checks if these areas show severe flood risk.,5,1215034
NA,F2,1443780010016,1215223,Industrial land. No facility points within 100 m. Chemical data will be missing but chemical release potential exists. Will need manual checks if these areas show severe flood risk.,5,1215223
NA,F2,1443780020026,1215484,Industrial land. No facility points within 100 m. Chemical data will be missing but chemical release potential exists. Will need manual checks if these areas show severe flood risk.,5,1215484
NA,F2,1443780010037,1215628,Industrial land. No facility points within 100 m. Chemical data will be missing but chemical release potential exists. Will need manual checks if these areas show severe flood risk.,5,1215628
NA,F2,1443780010033,1216718,Industrial land. No facility points within 100 m. Chemical data will be missing but chemical release potential exists. Will need manual checks if these areas show severe flood risk.,5,1216718
NA,F2,1443780010038,1216842,Industrial land. No facility points within 100 m. Chemical data will be missing but chemical release potential exists. Will need manual checks if these areas show severe flood risk.,5,1216842
NA,F2,1443780020025,1217228,Industrial land. No facility points within 100 m. Chemical data will be missing but chemical release potential exists. Will need manual checks if these areas show severe flood risk.,5,1217228
NA,F2,1443780020024,1217777,Industrial land. No facility points within 100 m. Chemical data will be missing but chemical release potential exists. Will need manual checks if these areas show severe flood risk.,5,1217777
NA,F2,1443780020030,1218028,Industrial land. No facility points within 100 m. Chemical data will be missing but chemical release potential exists. Will need manual checks if these areas show severe flood risk.,5,1218028
NA,F2,1443780010013,1218373,Industrial land. No facility points within 100 m. Chemical data will be missing but chemical release potential exists. Will need manual checks if these areas show severe flood risk.,5,1218373
NA,F2,1443780010006,1218624,Industrial land. No facility points within 100 m. Chemical data will be missing but chemical release potential exists. Will need manual checks if these areas show severe flood risk.,5,1218624
NA,F2,1443780010042,1218771,Industrial land. No facility points within 100 m. Chemical data will be missing but chemical release potential exists. Will need manual checks if these areas show severe flood risk.,5,1218771
NA,F2,1443780010021,1219387,Industrial land. No facility points within 100 m. Chemical data will be missing but chemical release potential exists. Will need manual checks if these areas show severe flood risk.,5,1219387
NA,F2,1443780020023,1219814,Industrial land. No facility points within 100 m. Chemical data will be missing but chemical release potential exists. Will need manual checks if these areas show severe flood risk.,5,1219814
NA,F2,1443780020017,1219964,Industrial land. No facility points within 100 m. Chemical data will be missing but chemical release potential exists. Will need manual checks if these areas show severe flood risk.,5,1219964
NA,F2,1443780010028,1220082,Industrial land. No facility points within 100 m. Chemical data will be missing but chemical release potential exists. Will need manual checks if these areas show severe flood risk.,5,1220082
NA,F2,1443780010026,1220248,Industrial land. No facility points within 100 m. Chemical data will be missing but chemical release potential exists. Will need manual checks if these areas show severe flood risk.,5,1220248
NA,F2,1443780010022,1220379,Industrial land. No facility points within 100 m. Chemical data will be missing but chemical release potential exists. Will need manual checks if these areas show severe flood risk.,5,1220379
NA,F2,1443780020019,1221743,Industrial land. No facility points within 100 m. Chemical data will be missing but chemical release potential exists. Will need manual checks if these areas show severe flood risk.,5,1221743
NA,F2,1443780010007,1221936,Industrial land. No facility points within 100 m. Chemical data will be missing but chemical release potential exists. Will need manual checks if these areas show severe flood risk.,5,1221936
NA,F2,1443780020009,1222299,Industrial land. No facility points within 100 m. Chemical data will be missing but chemical release potential exists. Will need manual checks if these areas show severe flood risk.,5,1222299
NA,F2,1443780020031,1222309,Industrial land. No facility points within 100 m. Chemical data will be missing but chemical release potential exists. Will need manual checks if these areas show severe flood risk.,5,1222309
NA,F2,1443780010030,1222591,Industrial land. No facility points within 100 m. Chemical data will be missing but chemical release potential exists. Will need manual checks if these areas show severe flood risk.,5,1222591
NA,F2,1443780020007,1222626,Industrial land. No facility points within 100 m. Chemical data will be missing but chemical release potential exists. Will need manual checks if these areas show severe flood risk.,5,1222626
NA,F2,1443780010009,1222940,Industrial land. No facility points within 100 m. Chemical data will be missing but chemical release potential exists. Will need manual checks if these areas show severe flood risk.,5,1222940
NA,F2,1443780020010,1223193,Industrial land. No facility points within 100 m. Chemical data will be missing but chemical release potential exists. Will need manual checks if these areas show severe flood risk.,5,1223193
NA,F2,1443780010020,1223213,Industrial land. No facility points within 100 m. Chemical data will be missing but chemical release potential exists. Will need manual checks if these areas show severe flood risk.,5,1223213
NA,F2,1443780010025,1223755,Industrial land. No facility points within 100 m. Chemical data will be missing but chemical release potential exists. Will need manual checks if these areas show severe flood risk.,5,1223755
NA,F2,1443780020002,1223843,Industrial land. No facility points within 100 m. Chemical data will be missing but chemical release potential exists. Will need manual checks if these areas show severe flood risk.,5,1223843
NA,F2,1443780010019,1224049,Industrial land. No facility points within 100 m. Chemical data will be missing but chemical release potential exists. Will need manual checks if these areas show severe flood risk.,5,1224049
NA,F2,1443780010043,1224383,Industrial land. No facility points within 100 m. Chemical data will be missing but chemical release potential exists. Will need manual checks if these areas show severe flood risk.,5,1224383
NA,F2,1443780020006,1224614,Industrial land. No facility points within 100 m. Chemical data will be missing but chemical release potential exists. Will need manual checks if these areas show severe flood risk.,5,1224614
NA,F2,1414830010001,1402337,Industrial land. No facility points within 100 m. Chemical data will be missing but chemical release potential exists. Will need manual checks if these areas show severe flood risk.,5,1402337
NA,F2,0120-00-04606,2131243,Industrial land. No facility points within 100 m. Chemical data will be missing but chemical release potential exists. Will need manual checks if these areas show severe flood risk.,5,2131243
NA,F2,NA,2283975,Industrial land. No facility points within 100 m. Chemical data will be missing but chemical release potential exists. Will need manual checks if these areas show severe flood risk.,5,2283975
NA,F2,NA,2284209,Industrial land. No facility points within 100 m. Chemical data will be missing but chemical release potential exists. Will need manual checks if these areas show severe flood risk.,5,2284209
NA,F2,NA,2291604,Industrial land. No facility points within 100 m. Chemical data will be missing but chemical release potential exists. Will need manual checks if these areas show severe flood risk.,5,2291604
NA,F2,NA,2296738,Industrial land. No facility points within 100 m. Chemical data will be missing but chemical release potential exists. Will need manual checks if these areas show severe flood risk.,5,2296738
NA,F2,NA,2301214,Industrial land. No facility points within 100 m. Chemical data will be missing but chemical release potential exists. Will need manual checks if these areas show severe flood risk.,5,2301214
