registry_id,fac_src,Stone_Unique_ID_revised,geo_id_revised,stat_land_comb,uncertainty_class,registry_stone_id,note
110000461107,facilities_20220311.csv,343139,0600520050001,NA,3,110000461107,"Direct location match with other parcel (not industrial, commercial, or vacant) e.g. residential or exempt. May be of petrochemical interest."
110000462883,facilities_20220311.csv,111769,1005150001021,NA,3,110000462883,"Direct location match with other parcel (not industrial, commercial, or vacant) e.g. residential or exempt. May be of petrochemical interest."
110000463622,facilities_20220311.csv,84528,0642230000188,NA,3,110000463622,"Direct location match with other parcel (not industrial, commercial, or vacant) e.g. residential or exempt. May be of petrochemical interest."
110005047546,facilities_20220311.csv,674960,1447880010001,NA,3,110005047546,"Direct location match with other parcel (not industrial, commercial, or vacant) e.g. residential or exempt. May be of petrochemical interest."
110021106435,facilities_20220311.csv,92462,1005150001023,NA,3,110021106435,"Direct location match with other parcel (not industrial, commercial, or vacant) e.g. residential or exempt. May be of petrochemical interest."
110000463686,facilities_20220311.csv,120951,0231450000941,NA,4.3,110000463686,"No direct location match. Only other parcel classes (not industrial, commercial, or vacant) e.g. residential or exempt within 100 m. Facility least likely to be of petrochemical interest and/or most likely to have inaccurate location data."
110005113705,facilities_20220311.csv,40036,0731250000043,C3,4.2,110005113705,No direct location match. Commercial or vacant land parcel within 100 m of point. Could be gas station or legacy facility. May be of petrochemical interest.
110005113705,facilities_20220311.csv,46128,0731250000036,C3,4.2,110005113705,No direct location match. Commercial or vacant land parcel within 100 m of point. Could be gas station or legacy facility. May be of petrochemical interest.
110005113705,facilities_20220311.csv,46268,0731250000039,C3,4.2,110005113705,No direct location match. Commercial or vacant land parcel within 100 m of point. Could be gas station or legacy facility. May be of petrochemical interest.
110005113705,facilities_20220311.csv,47661,0731250000042,C3,4.2,110005113705,No direct location match. Commercial or vacant land parcel within 100 m of point. Could be gas station or legacy facility. May be of petrochemical interest.
110005113705,facilities_20220311.csv,49459,0731250000050,C3,4.2,110005113705,No direct location match. Commercial or vacant land parcel within 100 m of point. Could be gas station or legacy facility. May be of petrochemical interest.
110005113705,facilities_20220311.csv,52845,0731250000037,C3,4.2,110005113705,No direct location match. Commercial or vacant land parcel within 100 m of point. Could be gas station or legacy facility. May be of petrochemical interest.
110005113705,facilities_20220311.csv,55610,0731250000048,C3,4.2,110005113705,No direct location match. Commercial or vacant land parcel within 100 m of point. Could be gas station or legacy facility. May be of petrochemical interest.
110005113705,facilities_20220311.csv,57702,0731250000041,C3,4.2,110005113705,No direct location match. Commercial or vacant land parcel within 100 m of point. Could be gas station or legacy facility. May be of petrochemical interest.
110005113705,facilities_20220311.csv,65206,0731250000049,C3,4.2,110005113705,No direct location match. Commercial or vacant land parcel within 100 m of point. Could be gas station or legacy facility. May be of petrochemical interest.
110005113705,facilities_20220311.csv,65637,0731250000040,C3,4.2,110005113705,No direct location match. Commercial or vacant land parcel within 100 m of point. Could be gas station or legacy facility. May be of petrochemical interest.
110005113705,facilities_20220311.csv,87669,0731250000044,C3,4.2,110005113705,No direct location match. Commercial or vacant land parcel within 100 m of point. Could be gas station or legacy facility. May be of petrochemical interest.
110009313331,facilities_20220311.csv,71034,0431840000001,C3,4.2,110009313331,No direct location match. Commercial or vacant land parcel within 100 m of point. Could be gas station or legacy facility. May be of petrochemical interest.
110024422409,facilities_20220311.csv,120951,0231450000941,NA,4.3,110024422409,"No direct location match. Only other parcel classes (not industrial, commercial, or vacant) e.g. residential or exempt within 100 m. Facility least likely to be of petrochemical interest and/or most likely to have inaccurate location data."
110038705817,facilities_20220311.csv,120951,0231450000941,NA,4.3,110038705817,"No direct location match. Only other parcel classes (not industrial, commercial, or vacant) e.g. residential or exempt within 100 m. Facility least likely to be of petrochemical interest and/or most likely to have inaccurate location data."
NA,NA,6774,0450740000265,F2,5,6774,Industrial land. No facility points within 100 m. Chemical data will be missing but chemical release potential exists. Will need manual checks if these areas show severe flood risk.
NA,NA,20692,0450740000005,F2,5,20692,Industrial land. No facility points within 100 m. Chemical data will be missing but chemical release potential exists. Will need manual checks if these areas show severe flood risk.
NA,NA,72548,1005150000448,F2,5,72548,Industrial land. No facility points within 100 m. Chemical data will be missing but chemical release potential exists. Will need manual checks if these areas show severe flood risk.
NA,NA,73016,0410320010045,F2,5,73016,Industrial land. No facility points within 100 m. Chemical data will be missing but chemical release potential exists. Will need manual checks if these areas show severe flood risk.
NA,NA,73827,0440500000192,F2,5,73827,Industrial land. No facility points within 100 m. Chemical data will be missing but chemical release potential exists. Will need manual checks if these areas show severe flood risk.
NA,NA,76836,0642220000015,F2,5,76836,Industrial land. No facility points within 100 m. Chemical data will be missing but chemical release potential exists. Will need manual checks if these areas show severe flood risk.
NA,NA,77041,1005150000499,F2,5,77041,Industrial land. No facility points within 100 m. Chemical data will be missing but chemical release potential exists. Will need manual checks if these areas show severe flood risk.
NA,NA,78567,0402400050043,F2,5,78567,Industrial land. No facility points within 100 m. Chemical data will be missing but chemical release potential exists. Will need manual checks if these areas show severe flood risk.
NA,NA,78673,0402400050018,F2,5,78673,Industrial land. No facility points within 100 m. Chemical data will be missing but chemical release potential exists. Will need manual checks if these areas show severe flood risk.
NA,NA,80295,0642230000152,F2,5,80295,Industrial land. No facility points within 100 m. Chemical data will be missing but chemical release potential exists. Will need manual checks if these areas show severe flood risk.
NA,NA,80686,0650430100020,F2,5,80686,Industrial land. No facility points within 100 m. Chemical data will be missing but chemical release potential exists. Will need manual checks if these areas show severe flood risk.
NA,NA,82262,1005150000052,F2,5,82262,Industrial land. No facility points within 100 m. Chemical data will be missing but chemical release potential exists. Will need manual checks if these areas show severe flood risk.
NA,NA,82283,0642230000028,F2,5,82283,Industrial land. No facility points within 100 m. Chemical data will be missing but chemical release potential exists. Will need manual checks if these areas show severe flood risk.
NA,NA,82605,1175270010003,F2,5,82605,Industrial land. No facility points within 100 m. Chemical data will be missing but chemical release potential exists. Will need manual checks if these areas show severe flood risk.
NA,NA,84095,0642230000045,F2,5,84095,Industrial land. No facility points within 100 m. Chemical data will be missing but chemical release potential exists. Will need manual checks if these areas show severe flood risk.
NA,NA,84098,1005150000110,F2,5,84098,Industrial land. No facility points within 100 m. Chemical data will be missing but chemical release potential exists. Will need manual checks if these areas show severe flood risk.
NA,NA,84335,0642230000140,F2,5,84335,Industrial land. No facility points within 100 m. Chemical data will be missing but chemical release potential exists. Will need manual checks if these areas show severe flood risk.
NA,NA,84836,1005150000551,F2,5,84836,Industrial land. No facility points within 100 m. Chemical data will be missing but chemical release potential exists. Will need manual checks if these areas show severe flood risk.
NA,NA,85971,0402400050011,F2,5,85971,Industrial land. No facility points within 100 m. Chemical data will be missing but chemical release potential exists. Will need manual checks if these areas show severe flood risk.
NA,NA,86330,0410320010030,F2,5,86330,Industrial land. No facility points within 100 m. Chemical data will be missing but chemical release potential exists. Will need manual checks if these areas show severe flood risk.
NA,NA,86348,1005150000691,F2,5,86348,Industrial land. No facility points within 100 m. Chemical data will be missing but chemical release potential exists. Will need manual checks if these areas show severe flood risk.
NA,NA,87153,1005150000724,F2,5,87153,Industrial land. No facility points within 100 m. Chemical data will be missing but chemical release potential exists. Will need manual checks if these areas show severe flood risk.
NA,NA,87885,0402400050036,F2,5,87885,Industrial land. No facility points within 100 m. Chemical data will be missing but chemical release potential exists. Will need manual checks if these areas show severe flood risk.
NA,NA,88529,0642230000153,F2,5,88529,Industrial land. No facility points within 100 m. Chemical data will be missing but chemical release potential exists. Will need manual checks if these areas show severe flood risk.
NA,NA,88589,1005150000423,F2,5,88589,Industrial land. No facility points within 100 m. Chemical data will be missing but chemical release potential exists. Will need manual checks if these areas show severe flood risk.
NA,NA,89154,0431490010406,F2,5,89154,Industrial land. No facility points within 100 m. Chemical data will be missing but chemical release potential exists. Will need manual checks if these areas show severe flood risk.
NA,NA,90788,1266420010003,F2,5,90788,Industrial land. No facility points within 100 m. Chemical data will be missing but chemical release potential exists. Will need manual checks if these areas show severe flood risk.
NA,NA,91146,1005150000482,F2,5,91146,Industrial land. No facility points within 100 m. Chemical data will be missing but chemical release potential exists. Will need manual checks if these areas show severe flood risk.
NA,NA,93460,0410020050157,F2,5,93460,Industrial land. No facility points within 100 m. Chemical data will be missing but chemical release potential exists. Will need manual checks if these areas show severe flood risk.
NA,NA,94796,0401740000033,F2,5,94796,Industrial land. No facility points within 100 m. Chemical data will be missing but chemical release potential exists. Will need manual checks if these areas show severe flood risk.
NA,NA,96217,1005150000424,F2,5,96217,Industrial land. No facility points within 100 m. Chemical data will be missing but chemical release potential exists. Will need manual checks if these areas show severe flood risk.
NA,NA,97458,0410030000791,F2,5,97458,Industrial land. No facility points within 100 m. Chemical data will be missing but chemical release potential exists. Will need manual checks if these areas show severe flood risk.
NA,NA,98576,0402400050083,F2,5,98576,Industrial land. No facility points within 100 m. Chemical data will be missing but chemical release potential exists. Will need manual checks if these areas show severe flood risk.
NA,NA,98592,9700000000205,F2,5,98592,Industrial land. No facility points within 100 m. Chemical data will be missing but chemical release potential exists. Will need manual checks if these areas show severe flood risk.
NA,NA,98740,0642230000169,F2,5,98740,Industrial land. No facility points within 100 m. Chemical data will be missing but chemical release potential exists. Will need manual checks if these areas show severe flood risk.
NA,NA,99125,0241120340005,F2,5,99125,Industrial land. No facility points within 100 m. Chemical data will be missing but chemical release potential exists. Will need manual checks if these areas show severe flood risk.
NA,NA,99316,1005150000703,F2,5,99316,Industrial land. No facility points within 100 m. Chemical data will be missing but chemical release potential exists. Will need manual checks if these areas show severe flood risk.
NA,NA,100466,0642230000013,F2,5,100466,Industrial land. No facility points within 100 m. Chemical data will be missing but chemical release potential exists. Will need manual checks if these areas show severe flood risk.
NA,NA,100847,0460290000118,F2,5,100847,Industrial land. No facility points within 100 m. Chemical data will be missing but chemical release potential exists. Will need manual checks if these areas show severe flood risk.
NA,NA,101381,1005740000072,F2,5,101381,Industrial land. No facility points within 100 m. Chemical data will be missing but chemical release potential exists. Will need manual checks if these areas show severe flood risk.
NA,NA,101778,1005150000725,F2,5,101778,Industrial land. No facility points within 100 m. Chemical data will be missing but chemical release potential exists. Will need manual checks if these areas show severe flood risk.
NA,NA,102256,1005150000695,F2,5,102256,Industrial land. No facility points within 100 m. Chemical data will be missing but chemical release potential exists. Will need manual checks if these areas show severe flood risk.
NA,NA,102268,1005150000057,F2,5,102268,Industrial land. No facility points within 100 m. Chemical data will be missing but chemical release potential exists. Will need manual checks if these areas show severe flood risk.
NA,NA,102608,1005150000150,F2,5,102608,Industrial land. No facility points within 100 m. Chemical data will be missing but chemical release potential exists. Will need manual checks if these areas show severe flood risk.
NA,NA,102616,0642230000016,F2,5,102616,Industrial land. No facility points within 100 m. Chemical data will be missing but chemical release potential exists. Will need manual checks if these areas show severe flood risk.
NA,NA,102735,1266420010005,F2,5,102735,Industrial land. No facility points within 100 m. Chemical data will be missing but chemical release potential exists. Will need manual checks if these areas show severe flood risk.
NA,NA,104291,1005150000714,F2,5,104291,Industrial land. No facility points within 100 m. Chemical data will be missing but chemical release potential exists. Will need manual checks if these areas show severe flood risk.
NA,NA,104604,0650430100005,F2,5,104604,Industrial land. No facility points within 100 m. Chemical data will be missing but chemical release potential exists. Will need manual checks if these areas show severe flood risk.
NA,NA,104613,1309900010002,F2,5,104613,Industrial land. No facility points within 100 m. Chemical data will be missing but chemical release potential exists. Will need manual checks if these areas show severe flood risk.
NA,NA,104721,1175270010008,F2,5,104721,Industrial land. No facility points within 100 m. Chemical data will be missing but chemical release potential exists. Will need manual checks if these areas show severe flood risk.
NA,NA,104798,1005150001013,F2,5,104798,Industrial land. No facility points within 100 m. Chemical data will be missing but chemical release potential exists. Will need manual checks if these areas show severe flood risk.
NA,NA,105261,1005150000623,F2,5,105261,Industrial land. No facility points within 100 m. Chemical data will be missing but chemical release potential exists. Will need manual checks if these areas show severe flood risk.
NA,NA,105619,1005150000003,F2,5,105619,Industrial land. No facility points within 100 m. Chemical data will be missing but chemical release potential exists. Will need manual checks if these areas show severe flood risk.
NA,NA,106314,0642230000017,F2,5,106314,Industrial land. No facility points within 100 m. Chemical data will be missing but chemical release potential exists. Will need manual checks if these areas show severe flood risk.
NA,NA,106816,1005150000044,F2,5,106816,Industrial land. No facility points within 100 m. Chemical data will be missing but chemical release potential exists. Will need manual checks if these areas show severe flood risk.
NA,NA,107212,0431490010324,F2,5,107212,Industrial land. No facility points within 100 m. Chemical data will be missing but chemical release potential exists. Will need manual checks if these areas show severe flood risk.
NA,NA,107327,9700000000183,F2,5,107327,Industrial land. No facility points within 100 m. Chemical data will be missing but chemical release potential exists. Will need manual checks if these areas show severe flood risk.
NA,NA,107466,1005150000644,F2,5,107466,Industrial land. No facility points within 100 m. Chemical data will be missing but chemical release potential exists. Will need manual checks if these areas show severe flood risk.
NA,NA,107675,0431490010151,F2,5,107675,Industrial land. No facility points within 100 m. Chemical data will be missing but chemical release potential exists. Will need manual checks if these areas show severe flood risk.
NA,NA,108313,9700000000197,F2,5,108313,Industrial land. No facility points within 100 m. Chemical data will be missing but chemical release potential exists. Will need manual checks if these areas show severe flood risk.
NA,NA,109070,1005150000633,F2,5,109070,Industrial land. No facility points within 100 m. Chemical data will be missing but chemical release potential exists. Will need manual checks if these areas show severe flood risk.
NA,NA,109106,0650430100002,F2,5,109106,Industrial land. No facility points within 100 m. Chemical data will be missing but chemical release potential exists. Will need manual checks if these areas show severe flood risk.
NA,NA,109303,0440500000010,F2,5,109303,Industrial land. No facility points within 100 m. Chemical data will be missing but chemical release potential exists. Will need manual checks if these areas show severe flood risk.
NA,NA,109833,0401740000095,F2,5,109833,Industrial land. No facility points within 100 m. Chemical data will be missing but chemical release potential exists. Will need manual checks if these areas show severe flood risk.
NA,NA,110072,9700000000192,F2,5,110072,Industrial land. No facility points within 100 m. Chemical data will be missing but chemical release potential exists. Will need manual checks if these areas show severe flood risk.
NA,NA,111194,0402400050155,F2,5,111194,Industrial land. No facility points within 100 m. Chemical data will be missing but chemical release potential exists. Will need manual checks if these areas show severe flood risk.
NA,NA,111201,9700000000216,F2,5,111201,Industrial land. No facility points within 100 m. Chemical data will be missing but chemical release potential exists. Will need manual checks if these areas show severe flood risk.
NA,NA,111418,0431490010355,F2,5,111418,Industrial land. No facility points within 100 m. Chemical data will be missing but chemical release potential exists. Will need manual checks if these areas show severe flood risk.
NA,NA,112320,0440990010030,F2,5,112320,Industrial land. No facility points within 100 m. Chemical data will be missing but chemical release potential exists. Will need manual checks if these areas show severe flood risk.
NA,NA,114008,9700000000198,F2,5,114008,Industrial land. No facility points within 100 m. Chemical data will be missing but chemical release potential exists. Will need manual checks if these areas show severe flood risk.
NA,NA,115769,0650430100004,F2,5,115769,Industrial land. No facility points within 100 m. Chemical data will be missing but chemical release potential exists. Will need manual checks if these areas show severe flood risk.
NA,NA,115772,0410320010118,F2,5,115772,Industrial land. No facility points within 100 m. Chemical data will be missing but chemical release potential exists. Will need manual checks if these areas show severe flood risk.
NA,NA,117260,0402400050008,F2,5,117260,Industrial land. No facility points within 100 m. Chemical data will be missing but chemical release potential exists. Will need manual checks if these areas show severe flood risk.
NA,NA,117357,0650430100006,F2,5,117357,Industrial land. No facility points within 100 m. Chemical data will be missing but chemical release potential exists. Will need manual checks if these areas show severe flood risk.
NA,NA,117820,0410320010020,F2,5,117820,Industrial land. No facility points within 100 m. Chemical data will be missing but chemical release potential exists. Will need manual checks if these areas show severe flood risk.
NA,NA,118090,1266420010001,F2,5,118090,Industrial land. No facility points within 100 m. Chemical data will be missing but chemical release potential exists. Will need manual checks if these areas show severe flood risk.
NA,NA,119078,0642230000141,F2,5,119078,Industrial land. No facility points within 100 m. Chemical data will be missing but chemical release potential exists. Will need manual checks if these areas show severe flood risk.
NA,NA,119769,0642230000175,F2,5,119769,Industrial land. No facility points within 100 m. Chemical data will be missing but chemical release potential exists. Will need manual checks if these areas show severe flood risk.
NA,NA,119812,0410320010007,F2,5,119812,Industrial land. No facility points within 100 m. Chemical data will be missing but chemical release potential exists. Will need manual checks if these areas show severe flood risk.
NA,NA,120559,0440990000055,F2,5,120559,Industrial land. No facility points within 100 m. Chemical data will be missing but chemical release potential exists. Will need manual checks if these areas show severe flood risk.
NA,NA,121285,0402400050009,F2,5,121285,Industrial land. No facility points within 100 m. Chemical data will be missing but chemical release potential exists. Will need manual checks if these areas show severe flood risk.
NA,NA,122355,0402400050119,F2,5,122355,Industrial land. No facility points within 100 m. Chemical data will be missing but chemical release potential exists. Will need manual checks if these areas show severe flood risk.
NA,NA,123521,0440990000127,F2,5,123521,Industrial land. No facility points within 100 m. Chemical data will be missing but chemical release potential exists. Will need manual checks if these areas show severe flood risk.
NA,NA,123835,9700000000208,F2,5,123835,Industrial land. No facility points within 100 m. Chemical data will be missing but chemical release potential exists. Will need manual checks if these areas show severe flood risk.
NA,NA,124308,1005150000562,F2,5,124308,Industrial land. No facility points within 100 m. Chemical data will be missing but chemical release potential exists. Will need manual checks if these areas show severe flood risk.
NA,NA,128795,0410030000159,F2,5,128795,Industrial land. No facility points within 100 m. Chemical data will be missing but chemical release potential exists. Will need manual checks if these areas show severe flood risk.
NA,NA,130220,0410030000830,F2,5,130220,Industrial land. No facility points within 100 m. Chemical data will be missing but chemical release potential exists. Will need manual checks if these areas show severe flood risk.
NA,NA,134724,0410030000150,F2,5,134724,Industrial land. No facility points within 100 m. Chemical data will be missing but chemical release potential exists. Will need manual checks if these areas show severe flood risk.
NA,NA,136756,0410030000024,F2,5,136756,Industrial land. No facility points within 100 m. Chemical data will be missing but chemical release potential exists. Will need manual checks if these areas show severe flood risk.
NA,NA,143398,0410030000839,F2,5,143398,Industrial land. No facility points within 100 m. Chemical data will be missing but chemical release potential exists. Will need manual checks if these areas show severe flood risk.
NA,NA,144589,0410030000787,F2,5,144589,Industrial land. No facility points within 100 m. Chemical data will be missing but chemical release potential exists. Will need manual checks if these areas show severe flood risk.
NA,NA,161007,0410150070009,F2,5,161007,Industrial land. No facility points within 100 m. Chemical data will be missing but chemical release potential exists. Will need manual checks if these areas show severe flood risk.
NA,NA,165352,0420910000089,F2,5,165352,Industrial land. No facility points within 100 m. Chemical data will be missing but chemical release potential exists. Will need manual checks if these areas show severe flood risk.
NA,NA,170039,0420910000010,F2,5,170039,Industrial land. No facility points within 100 m. Chemical data will be missing but chemical release potential exists. Will need manual checks if these areas show severe flood risk.
NA,NA,175380,0420910000012,F2,5,175380,Industrial land. No facility points within 100 m. Chemical data will be missing but chemical release potential exists. Will need manual checks if these areas show severe flood risk.
NA,NA,176166,0480680000038,F2,5,176166,Industrial land. No facility points within 100 m. Chemical data will be missing but chemical release potential exists. Will need manual checks if these areas show severe flood risk.
NA,NA,177206,0410700000320,F2,5,177206,Industrial land. No facility points within 100 m. Chemical data will be missing but chemical release potential exists. Will need manual checks if these areas show severe flood risk.
NA,NA,184466,0401680000001,F2,5,184466,Industrial land. No facility points within 100 m. Chemical data will be missing but chemical release potential exists. Will need manual checks if these areas show severe flood risk.
NA,NA,186515,0410150070010,F2,5,186515,Industrial land. No facility points within 100 m. Chemical data will be missing but chemical release potential exists. Will need manual checks if these areas show severe flood risk.
NA,NA,188373,0401680000201,F2,5,188373,Industrial land. No facility points within 100 m. Chemical data will be missing but chemical release potential exists. Will need manual checks if these areas show severe flood risk.
NA,NA,190596,0151290010027,F2,5,190596,Industrial land. No facility points within 100 m. Chemical data will be missing but chemical release potential exists. Will need manual checks if these areas show severe flood risk.
NA,NA,191392,0410700000317,F2,5,191392,Industrial land. No facility points within 100 m. Chemical data will be missing but chemical release potential exists. Will need manual checks if these areas show severe flood risk.
NA,NA,192720,0401680000134,F2,5,192720,Industrial land. No facility points within 100 m. Chemical data will be missing but chemical release potential exists. Will need manual checks if these areas show severe flood risk.
NA,NA,197598,0410150050088,F2,5,197598,Industrial land. No facility points within 100 m. Chemical data will be missing but chemical release potential exists. Will need manual checks if these areas show severe flood risk.
NA,NA,201570,0502120000019,F2,5,201570,Industrial land. No facility points within 100 m. Chemical data will be missing but chemical release potential exists. Will need manual checks if these areas show severe flood risk.
NA,NA,215132,0420910000090,F2,5,215132,Industrial land. No facility points within 100 m. Chemical data will be missing but chemical release potential exists. Will need manual checks if these areas show severe flood risk.
NA,NA,217791,0480680000034,F2,5,217791,Industrial land. No facility points within 100 m. Chemical data will be missing but chemical release potential exists. Will need manual checks if these areas show severe flood risk.
NA,NA,219265,0591400150004,F2,5,219265,Industrial land. No facility points within 100 m. Chemical data will be missing but chemical release potential exists. Will need manual checks if these areas show severe flood risk.
NA,NA,221888,0410700000312,F2,5,221888,Industrial land. No facility points within 100 m. Chemical data will be missing but chemical release potential exists. Will need manual checks if these areas show severe flood risk.
NA,NA,224656,0410320000538,F2,5,224656,Industrial land. No facility points within 100 m. Chemical data will be missing but chemical release potential exists. Will need manual checks if these areas show severe flood risk.
NA,NA,225609,0410290040164,F2,5,225609,Industrial land. No facility points within 100 m. Chemical data will be missing but chemical release potential exists. Will need manual checks if these areas show severe flood risk.
NA,NA,230023,0410020050152,F2,5,230023,Industrial land. No facility points within 100 m. Chemical data will be missing but chemical release potential exists. Will need manual checks if these areas show severe flood risk.
NA,NA,230222,1167500020039,F2,5,230222,Industrial land. No facility points within 100 m. Chemical data will be missing but chemical release potential exists. Will need manual checks if these areas show severe flood risk.
NA,NA,232626,9700000000224,F2,5,232626,Industrial land. No facility points within 100 m. Chemical data will be missing but chemical release potential exists. Will need manual checks if these areas show severe flood risk.
NA,NA,234224,0410020050113,F2,5,234224,Industrial land. No facility points within 100 m. Chemical data will be missing but chemical release potential exists. Will need manual checks if these areas show severe flood risk.
NA,NA,235065,0402650020021,F2,5,235065,Industrial land. No facility points within 100 m. Chemical data will be missing but chemical release potential exists. Will need manual checks if these areas show severe flood risk.
NA,NA,235258,0402650020016,F2,5,235258,Industrial land. No facility points within 100 m. Chemical data will be missing but chemical release potential exists. Will need manual checks if these areas show severe flood risk.
NA,NA,237387,1226870000001,F2,5,237387,Industrial land. No facility points within 100 m. Chemical data will be missing but chemical release potential exists. Will need manual checks if these areas show severe flood risk.
NA,NA,237539,0402180010133,F2,5,237539,Industrial land. No facility points within 100 m. Chemical data will be missing but chemical release potential exists. Will need manual checks if these areas show severe flood risk.
NA,NA,238425,0371890000004,F2,5,238425,Industrial land. No facility points within 100 m. Chemical data will be missing but chemical release potential exists. Will need manual checks if these areas show severe flood risk.
NA,NA,239669,0450020010030,F2,5,239669,Industrial land. No facility points within 100 m. Chemical data will be missing but chemical release potential exists. Will need manual checks if these areas show severe flood risk.
NA,NA,240713,0410290040057,F2,5,240713,Industrial land. No facility points within 100 m. Chemical data will be missing but chemical release potential exists. Will need manual checks if these areas show severe flood risk.
NA,NA,241109,0402460000107,F2,5,241109,Industrial land. No facility points within 100 m. Chemical data will be missing but chemical release potential exists. Will need manual checks if these areas show severe flood risk.
NA,NA,241584,0371890000051,F2,5,241584,Industrial land. No facility points within 100 m. Chemical data will be missing but chemical release potential exists. Will need manual checks if these areas show severe flood risk.
NA,NA,244782,0291330000020,F2,5,244782,Industrial land. No facility points within 100 m. Chemical data will be missing but chemical release potential exists. Will need manual checks if these areas show severe flood risk.
NA,NA,247238,1167500020024,F2,5,247238,Industrial land. No facility points within 100 m. Chemical data will be missing but chemical release potential exists. Will need manual checks if these areas show severe flood risk.
NA,NA,247602,0410290040182,F2,5,247602,Industrial land. No facility points within 100 m. Chemical data will be missing but chemical release potential exists. Will need manual checks if these areas show severe flood risk.
NA,NA,247835,0281820000004,F2,5,247835,Industrial land. No facility points within 100 m. Chemical data will be missing but chemical release potential exists. Will need manual checks if these areas show severe flood risk.
NA,NA,247936,0440990010110,F2,5,247936,Industrial land. No facility points within 100 m. Chemical data will be missing but chemical release potential exists. Will need manual checks if these areas show severe flood risk.
NA,NA,250314,1167500020004,F2,5,250314,Industrial land. No facility points within 100 m. Chemical data will be missing but chemical release potential exists. Will need manual checks if these areas show severe flood risk.
NA,NA,250820,0410340030153,F2,5,250820,Industrial land. No facility points within 100 m. Chemical data will be missing but chemical release potential exists. Will need manual checks if these areas show severe flood risk.
NA,NA,254428,0402650020020,F2,5,254428,Industrial land. No facility points within 100 m. Chemical data will be missing but chemical release potential exists. Will need manual checks if these areas show severe flood risk.
NA,NA,256673,0450020010204,F2,5,256673,Industrial land. No facility points within 100 m. Chemical data will be missing but chemical release potential exists. Will need manual checks if these areas show severe flood risk.
NA,NA,257354,0670230050087,F2,5,257354,Industrial land. No facility points within 100 m. Chemical data will be missing but chemical release potential exists. Will need manual checks if these areas show severe flood risk.
NA,NA,257876,0410020050121,F2,5,257876,Industrial land. No facility points within 100 m. Chemical data will be missing but chemical release potential exists. Will need manual checks if these areas show severe flood risk.
NA,NA,258903,1167500010007,F2,5,258903,Industrial land. No facility points within 100 m. Chemical data will be missing but chemical release potential exists. Will need manual checks if these areas show severe flood risk.
NA,NA,258964,0410020050065,F2,5,258964,Industrial land. No facility points within 100 m. Chemical data will be missing but chemical release potential exists. Will need manual checks if these areas show severe flood risk.
NA,NA,260421,0410320000531,F2,5,260421,Industrial land. No facility points within 100 m. Chemical data will be missing but chemical release potential exists. Will need manual checks if these areas show severe flood risk.
NA,NA,260585,1263430010002,F2,5,260585,Industrial land. No facility points within 100 m. Chemical data will be missing but chemical release potential exists. Will need manual checks if these areas show severe flood risk.
NA,NA,263317,0440990010056,F2,5,263317,Industrial land. No facility points within 100 m. Chemical data will be missing but chemical release potential exists. Will need manual checks if these areas show severe flood risk.
NA,NA,263862,0410020050148,F2,5,263862,Industrial land. No facility points within 100 m. Chemical data will be missing but chemical release potential exists. Will need manual checks if these areas show severe flood risk.
NA,NA,263935,0371890000047,F2,5,263935,Industrial land. No facility points within 100 m. Chemical data will be missing but chemical release potential exists. Will need manual checks if these areas show severe flood risk.
NA,NA,263964,0410290040175,F2,5,263964,Industrial land. No facility points within 100 m. Chemical data will be missing but chemical release potential exists. Will need manual checks if these areas show severe flood risk.
NA,NA,263987,0410290040185,F2,5,263987,Industrial land. No facility points within 100 m. Chemical data will be missing but chemical release potential exists. Will need manual checks if these areas show severe flood risk.
NA,NA,265054,0402460000142,F2,5,265054,Industrial land. No facility points within 100 m. Chemical data will be missing but chemical release potential exists. Will need manual checks if these areas show severe flood risk.
NA,NA,267022,0281710000004,F2,5,267022,Industrial land. No facility points within 100 m. Chemical data will be missing but chemical release potential exists. Will need manual checks if these areas show severe flood risk.
NA,NA,269600,1167500010008,F2,5,269600,Industrial land. No facility points within 100 m. Chemical data will be missing but chemical release potential exists. Will need manual checks if these areas show severe flood risk.
NA,NA,269990,0402620010154,F2,5,269990,Industrial land. No facility points within 100 m. Chemical data will be missing but chemical release potential exists. Will need manual checks if these areas show severe flood risk.
NA,NA,271730,0281810000077,F2,5,271730,Industrial land. No facility points within 100 m. Chemical data will be missing but chemical release potential exists. Will need manual checks if these areas show severe flood risk.
NA,NA,272175,0402650020023,F2,5,272175,Industrial land. No facility points within 100 m. Chemical data will be missing but chemical release potential exists. Will need manual checks if these areas show severe flood risk.
NA,NA,272316,0402180010177,F2,5,272316,Industrial land. No facility points within 100 m. Chemical data will be missing but chemical release potential exists. Will need manual checks if these areas show severe flood risk.
NA,NA,272930,0410020050147,F2,5,272930,Industrial land. No facility points within 100 m. Chemical data will be missing but chemical release potential exists. Will need manual checks if these areas show severe flood risk.
NA,NA,275496,1199950020003,F2,5,275496,Industrial land. No facility points within 100 m. Chemical data will be missing but chemical release potential exists. Will need manual checks if these areas show severe flood risk.
NA,NA,275536,0410340030015,F2,5,275536,Industrial land. No facility points within 100 m. Chemical data will be missing but chemical release potential exists. Will need manual checks if these areas show severe flood risk.
NA,NA,276119,0410320000525,F2,5,276119,Industrial land. No facility points within 100 m. Chemical data will be missing but chemical release potential exists. Will need manual checks if these areas show severe flood risk.
NA,NA,277626,0410290040024,F2,5,277626,Industrial land. No facility points within 100 m. Chemical data will be missing but chemical release potential exists. Will need manual checks if these areas show severe flood risk.
NA,NA,278134,0402650020017,F2,5,278134,Industrial land. No facility points within 100 m. Chemical data will be missing but chemical release potential exists. Will need manual checks if these areas show severe flood risk.
NA,NA,278175,0271520000010,F2,5,278175,Industrial land. No facility points within 100 m. Chemical data will be missing but chemical release potential exists. Will need manual checks if these areas show severe flood risk.
NA,NA,278386,0402630000086,F2,5,278386,Industrial land. No facility points within 100 m. Chemical data will be missing but chemical release potential exists. Will need manual checks if these areas show severe flood risk.
NA,NA,279952,0410320000195,F2,5,279952,Industrial land. No facility points within 100 m. Chemical data will be missing but chemical release potential exists. Will need manual checks if these areas show severe flood risk.
NA,NA,281134,0281810000021,F2,5,281134,Industrial land. No facility points within 100 m. Chemical data will be missing but chemical release potential exists. Will need manual checks if these areas show severe flood risk.
NA,NA,281238,1167500020032,F2,5,281238,Industrial land. No facility points within 100 m. Chemical data will be missing but chemical release potential exists. Will need manual checks if these areas show severe flood risk.
NA,NA,283029,1218850010002,F2,5,283029,Industrial land. No facility points within 100 m. Chemical data will be missing but chemical release potential exists. Will need manual checks if these areas show severe flood risk.
NA,NA,284520,0271520000001,F2,5,284520,Industrial land. No facility points within 100 m. Chemical data will be missing but chemical release potential exists. Will need manual checks if these areas show severe flood risk.
NA,NA,285523,1263430020008,F2,5,285523,Industrial land. No facility points within 100 m. Chemical data will be missing but chemical release potential exists. Will need manual checks if these areas show severe flood risk.
NA,NA,286765,1167500020001,F2,5,286765,Industrial land. No facility points within 100 m. Chemical data will be missing but chemical release potential exists. Will need manual checks if these areas show severe flood risk.
NA,NA,287744,0451440010208,F2,5,287744,Industrial land. No facility points within 100 m. Chemical data will be missing but chemical release potential exists. Will need manual checks if these areas show severe flood risk.
NA,NA,287995,0402630000101,F2,5,287995,Industrial land. No facility points within 100 m. Chemical data will be missing but chemical release potential exists. Will need manual checks if these areas show severe flood risk.
NA,NA,290335,0402650020014,F2,5,290335,Industrial land. No facility points within 100 m. Chemical data will be missing but chemical release potential exists. Will need manual checks if these areas show severe flood risk.
NA,NA,291204,0401910000031,F2,5,291204,Industrial land. No facility points within 100 m. Chemical data will be missing but chemical release potential exists. Will need manual checks if these areas show severe flood risk.
NA,NA,292252,0231270000001,F2,5,292252,Industrial land. No facility points within 100 m. Chemical data will be missing but chemical release potential exists. Will need manual checks if these areas show severe flood risk.
NA,NA,292909,0562380070026,F2,5,292909,Industrial land. No facility points within 100 m. Chemical data will be missing but chemical release potential exists. Will need manual checks if these areas show severe flood risk.
NA,NA,293478,0281710000017,F2,5,293478,Industrial land. No facility points within 100 m. Chemical data will be missing but chemical release potential exists. Will need manual checks if these areas show severe flood risk.
NA,NA,294760,0450020010187,F2,5,294760,Industrial land. No facility points within 100 m. Chemical data will be missing but chemical release potential exists. Will need manual checks if these areas show severe flood risk.
NA,NA,295879,0410020040104,F2,5,295879,Industrial land. No facility points within 100 m. Chemical data will be missing but chemical release potential exists. Will need manual checks if these areas show severe flood risk.
NA,NA,298045,0450020010091,F2,5,298045,Industrial land. No facility points within 100 m. Chemical data will be missing but chemical release potential exists. Will need manual checks if these areas show severe flood risk.
NA,NA,300855,0402470000086,F2,5,300855,Industrial land. No facility points within 100 m. Chemical data will be missing but chemical release potential exists. Will need manual checks if these areas show severe flood risk.
NA,NA,302818,0450020010188,F2,5,302818,Industrial land. No facility points within 100 m. Chemical data will be missing but chemical release potential exists. Will need manual checks if these areas show severe flood risk.
NA,NA,303221,1218850010001,F2,5,303221,Industrial land. No facility points within 100 m. Chemical data will be missing but chemical release potential exists. Will need manual checks if these areas show severe flood risk.
NA,NA,303758,0402460000150,F2,5,303758,Industrial land. No facility points within 100 m. Chemical data will be missing but chemical release potential exists. Will need manual checks if these areas show severe flood risk.
NA,NA,304008,0402460000046,F2,5,304008,Industrial land. No facility points within 100 m. Chemical data will be missing but chemical release potential exists. Will need manual checks if these areas show severe flood risk.
NA,NA,306364,0422350030010,F2,5,306364,Industrial land. No facility points within 100 m. Chemical data will be missing but chemical release potential exists. Will need manual checks if these areas show severe flood risk.
NA,NA,307800,0372000010042,F2,5,307800,Industrial land. No facility points within 100 m. Chemical data will be missing but chemical release potential exists. Will need manual checks if these areas show severe flood risk.
NA,NA,307894,0151290000022,F2,5,307894,Industrial land. No facility points within 100 m. Chemical data will be missing but chemical release potential exists. Will need manual checks if these areas show severe flood risk.
NA,NA,308372,0402640020030,F2,5,308372,Industrial land. No facility points within 100 m. Chemical data will be missing but chemical release potential exists. Will need manual checks if these areas show severe flood risk.
NA,NA,310170,0410020050131,F2,5,310170,Industrial land. No facility points within 100 m. Chemical data will be missing but chemical release potential exists. Will need manual checks if these areas show severe flood risk.
NA,NA,310814,0410220010638,F2,5,310814,Industrial land. No facility points within 100 m. Chemical data will be missing but chemical release potential exists. Will need manual checks if these areas show severe flood risk.
NA,NA,311066,1263430020004,F2,5,311066,Industrial land. No facility points within 100 m. Chemical data will be missing but chemical release potential exists. Will need manual checks if these areas show severe flood risk.
NA,NA,311749,0410320000205,F2,5,311749,Industrial land. No facility points within 100 m. Chemical data will be missing but chemical release potential exists. Will need manual checks if these areas show severe flood risk.
NA,NA,312084,0410020050130,F2,5,312084,Industrial land. No facility points within 100 m. Chemical data will be missing but chemical release potential exists. Will need manual checks if these areas show severe flood risk.
NA,NA,314804,1188090010001,F2,5,314804,Industrial land. No facility points within 100 m. Chemical data will be missing but chemical release potential exists. Will need manual checks if these areas show severe flood risk.
NA,NA,316202,0440990010142,F2,5,316202,Industrial land. No facility points within 100 m. Chemical data will be missing but chemical release potential exists. Will need manual checks if these areas show severe flood risk.
NA,NA,318096,0371890000048,F2,5,318096,Industrial land. No facility points within 100 m. Chemical data will be missing but chemical release potential exists. Will need manual checks if these areas show severe flood risk.
NA,NA,318787,0402180010123,F2,5,318787,Industrial land. No facility points within 100 m. Chemical data will be missing but chemical release potential exists. Will need manual checks if these areas show severe flood risk.
NA,NA,318912,0402630000058,F2,5,318912,Industrial land. No facility points within 100 m. Chemical data will be missing but chemical release potential exists. Will need manual checks if these areas show severe flood risk.
NA,NA,322949,1167500020028,F2,5,322949,Industrial land. No facility points within 100 m. Chemical data will be missing but chemical release potential exists. Will need manual checks if these areas show severe flood risk.
NA,NA,325745,0410290010271,F2,5,325745,Industrial land. No facility points within 100 m. Chemical data will be missing but chemical release potential exists. Will need manual checks if these areas show severe flood risk.
NA,NA,326073,0401940000007,F2,5,326073,Industrial land. No facility points within 100 m. Chemical data will be missing but chemical release potential exists. Will need manual checks if these areas show severe flood risk.
NA,NA,328731,0281810000085,F2,5,328731,Industrial land. No facility points within 100 m. Chemical data will be missing but chemical release potential exists. Will need manual checks if these areas show severe flood risk.
NA,NA,335374,0341930000271,F2,5,335374,Industrial land. No facility points within 100 m. Chemical data will be missing but chemical release potential exists. Will need manual checks if these areas show severe flood risk.
NA,NA,343481,0341930000370,F2,5,343481,Industrial land. No facility points within 100 m. Chemical data will be missing but chemical release potential exists. Will need manual checks if these areas show severe flood risk.
NA,NA,345418,0410290010040,F2,5,345418,Industrial land. No facility points within 100 m. Chemical data will be missing but chemical release potential exists. Will need manual checks if these areas show severe flood risk.
NA,NA,347526,0401980000103,F2,5,347526,Industrial land. No facility points within 100 m. Chemical data will be missing but chemical release potential exists. Will need manual checks if these areas show severe flood risk.
NA,NA,353950,0341930000219,F2,5,353950,Industrial land. No facility points within 100 m. Chemical data will be missing but chemical release potential exists. Will need manual checks if these areas show severe flood risk.
NA,NA,355693,0281810000083,F2,5,355693,Industrial land. No facility points within 100 m. Chemical data will be missing but chemical release potential exists. Will need manual checks if these areas show severe flood risk.
NA,NA,358527,0410290010280,F2,5,358527,Industrial land. No facility points within 100 m. Chemical data will be missing but chemical release potential exists. Will need manual checks if these areas show severe flood risk.
NA,NA,367303,0341930000361,F2,5,367303,Industrial land. No facility points within 100 m. Chemical data will be missing but chemical release potential exists. Will need manual checks if these areas show severe flood risk.
NA,NA,368407,0401980000010,F2,5,368407,Industrial land. No facility points within 100 m. Chemical data will be missing but chemical release potential exists. Will need manual checks if these areas show severe flood risk.
NA,NA,370405,0562410000001,F2,5,370405,Industrial land. No facility points within 100 m. Chemical data will be missing but chemical release potential exists. Will need manual checks if these areas show severe flood risk.
NA,NA,373087,0410290030230,F2,5,373087,Industrial land. No facility points within 100 m. Chemical data will be missing but chemical release potential exists. Will need manual checks if these areas show severe flood risk.
NA,NA,374158,0281800010008,F2,5,374158,Industrial land. No facility points within 100 m. Chemical data will be missing but chemical release potential exists. Will need manual checks if these areas show severe flood risk.
NA,NA,376586,0401980000012,F2,5,376586,Industrial land. No facility points within 100 m. Chemical data will be missing but chemical release potential exists. Will need manual checks if these areas show severe flood risk.
NA,NA,378345,0410290030015,F2,5,378345,Industrial land. No facility points within 100 m. Chemical data will be missing but chemical release potential exists. Will need manual checks if these areas show severe flood risk.
NA,NA,380133,0410290030041,F2,5,380133,Industrial land. No facility points within 100 m. Chemical data will be missing but chemical release potential exists. Will need manual checks if these areas show severe flood risk.
NA,NA,384844,0401940000173,F2,5,384844,Industrial land. No facility points within 100 m. Chemical data will be missing but chemical release potential exists. Will need manual checks if these areas show severe flood risk.
NA,NA,386309,0371560000052,F2,5,386309,Industrial land. No facility points within 100 m. Chemical data will be missing but chemical release potential exists. Will need manual checks if these areas show severe flood risk.
NA,NA,393996,1354090010001,F2,5,393996,Industrial land. No facility points within 100 m. Chemical data will be missing but chemical release potential exists. Will need manual checks if these areas show severe flood risk.
NA,NA,398241,0410290030042,F2,5,398241,Industrial land. No facility points within 100 m. Chemical data will be missing but chemical release potential exists. Will need manual checks if these areas show severe flood risk.
NA,NA,458759,0460830000091,F2,5,458759,Industrial land. No facility points within 100 m. Chemical data will be missing but chemical release potential exists. Will need manual checks if these areas show severe flood risk.
NA,NA,468442,0460830000074,F2,5,468442,Industrial land. No facility points within 100 m. Chemical data will be missing but chemical release potential exists. Will need manual checks if these areas show severe flood risk.
NA,NA,491094,0460830000093,F2,5,491094,Industrial land. No facility points within 100 m. Chemical data will be missing but chemical release potential exists. Will need manual checks if these areas show severe flood risk.
NA,NA,513305,0041750000234,F2,5,513305,Industrial land. No facility points within 100 m. Chemical data will be missing but chemical release potential exists. Will need manual checks if these areas show severe flood risk.
NA,NA,513720,0041750000168,F2,5,513720,Industrial land. No facility points within 100 m. Chemical data will be missing but chemical release potential exists. Will need manual checks if these areas show severe flood risk.
NA,NA,525622,0041750000514,F2,5,525622,Industrial land. No facility points within 100 m. Chemical data will be missing but chemical release potential exists. Will need manual checks if these areas show severe flood risk.
NA,NA,530655,1171910010001,F2,5,530655,Industrial land. No facility points within 100 m. Chemical data will be missing but chemical release potential exists. Will need manual checks if these areas show severe flood risk.
NA,NA,533920,0921270000152,F2,5,533920,Industrial land. No facility points within 100 m. Chemical data will be missing but chemical release potential exists. Will need manual checks if these areas show severe flood risk.
NA,NA,535249,0921270000153,F2,5,535249,Industrial land. No facility points within 100 m. Chemical data will be missing but chemical release potential exists. Will need manual checks if these areas show severe flood risk.
NA,NA,537969,1151830020039,F2,5,537969,Industrial land. No facility points within 100 m. Chemical data will be missing but chemical release potential exists. Will need manual checks if these areas show severe flood risk.
NA,NA,540495,1151830020049,F2,5,540495,Industrial land. No facility points within 100 m. Chemical data will be missing but chemical release potential exists. Will need manual checks if these areas show severe flood risk.
NA,NA,546946,0041750000171,F2,5,546946,Industrial land. No facility points within 100 m. Chemical data will be missing but chemical release potential exists. Will need manual checks if these areas show severe flood risk.
NA,NA,553020,1151830020059,F2,5,553020,Industrial land. No facility points within 100 m. Chemical data will be missing but chemical release potential exists. Will need manual checks if these areas show severe flood risk.
NA,NA,557994,0402310000054,F2,5,557994,Industrial land. No facility points within 100 m. Chemical data will be missing but chemical release potential exists. Will need manual checks if these areas show severe flood risk.
NA,NA,570525,1318940010002,F2,5,570525,Industrial land. No facility points within 100 m. Chemical data will be missing but chemical release potential exists. Will need manual checks if these areas show severe flood risk.
NA,NA,570596,1318940010003,F2,5,570596,Industrial land. No facility points within 100 m. Chemical data will be missing but chemical release potential exists. Will need manual checks if these areas show severe flood risk.
NA,NA,573807,0252180000002,F2,5,573807,Industrial land. No facility points within 100 m. Chemical data will be missing but chemical release potential exists. Will need manual checks if these areas show severe flood risk.
NA,NA,576366,0252160000002,F2,5,576366,Industrial land. No facility points within 100 m. Chemical data will be missing but chemical release potential exists. Will need manual checks if these areas show severe flood risk.
NA,NA,615041,0252190000001,F2,5,615041,Industrial land. No facility points within 100 m. Chemical data will be missing but chemical release potential exists. Will need manual checks if these areas show severe flood risk.
NA,NA,620525,0836050000026,F2,5,620525,Industrial land. No facility points within 100 m. Chemical data will be missing but chemical release potential exists. Will need manual checks if these areas show severe flood risk.
NA,NA,622205,0252180000001,F2,5,622205,Industrial land. No facility points within 100 m. Chemical data will be missing but chemical release potential exists. Will need manual checks if these areas show severe flood risk.
NA,NA,625769,0252190000002,F2,5,625769,Industrial land. No facility points within 100 m. Chemical data will be missing but chemical release potential exists. Will need manual checks if these areas show severe flood risk.
NA,NA,633591,1328210010001,F2,5,633591,Industrial land. No facility points within 100 m. Chemical data will be missing but chemical release potential exists. Will need manual checks if these areas show severe flood risk.
NA,NA,648642,0451880000001,F2,5,648642,Industrial land. No facility points within 100 m. Chemical data will be missing but chemical release potential exists. Will need manual checks if these areas show severe flood risk.
NA,NA,673679,0451800010006,F2,5,673679,Industrial land. No facility points within 100 m. Chemical data will be missing but chemical release potential exists. Will need manual checks if these areas show severe flood risk.
NA,NA,676090,0470010000012,F2,5,676090,Industrial land. No facility points within 100 m. Chemical data will be missing but chemical release potential exists. Will need manual checks if these areas show severe flood risk.
NA,NA,680428,1414650010001,F2,5,680428,Industrial land. No facility points within 100 m. Chemical data will be missing but chemical release potential exists. Will need manual checks if these areas show severe flood risk.
NA,NA,681488,0451800010035,F2,5,681488,Industrial land. No facility points within 100 m. Chemical data will be missing but chemical release potential exists. Will need manual checks if these areas show severe flood risk.
NA,NA,688015,1379720010001,F2,5,688015,Industrial land. No facility points within 100 m. Chemical data will be missing but chemical release potential exists. Will need manual checks if these areas show severe flood risk.
NA,NA,739173,0451800000180,F2,5,739173,Industrial land. No facility points within 100 m. Chemical data will be missing but chemical release potential exists. Will need manual checks if these areas show severe flood risk.
NA,NA,882739,1282100010001,F2,5,882739,Industrial land. No facility points within 100 m. Chemical data will be missing but chemical release potential exists. Will need manual checks if these areas show severe flood risk.
NA,NA,894850,0440480000179,F2,5,894850,Industrial land. No facility points within 100 m. Chemical data will be missing but chemical release potential exists. Will need manual checks if these areas show severe flood risk.
NA,NA,896290,0440480000127,F2,5,896290,Industrial land. No facility points within 100 m. Chemical data will be missing but chemical release potential exists. Will need manual checks if these areas show severe flood risk.
NA,NA,1005393,1365660010001,F2,5,1005393,Industrial land. No facility points within 100 m. Chemical data will be missing but chemical release potential exists. Will need manual checks if these areas show severe flood risk.
NA,NA,1018616,0450220000195,F2,5,1018616,Industrial land. No facility points within 100 m. Chemical data will be missing but chemical release potential exists. Will need manual checks if these areas show severe flood risk.
NA,NA,1021629,1322250010002,F2,5,1021629,Industrial land. No facility points within 100 m. Chemical data will be missing but chemical release potential exists. Will need manual checks if these areas show severe flood risk.
NA,NA,1024657,0640150000120,F2,5,1024657,Industrial land. No facility points within 100 m. Chemical data will be missing but chemical release potential exists. Will need manual checks if these areas show severe flood risk.
NA,NA,1031821,1322250010001,F2,5,1031821,Industrial land. No facility points within 100 m. Chemical data will be missing but chemical release potential exists. Will need manual checks if these areas show severe flood risk.
NA,NA,1034946,0640160010119,F2,5,1034946,Industrial land. No facility points within 100 m. Chemical data will be missing but chemical release potential exists. Will need manual checks if these areas show severe flood risk.
NA,NA,1037117,0640150000410,F2,5,1037117,Industrial land. No facility points within 100 m. Chemical data will be missing but chemical release potential exists. Will need manual checks if these areas show severe flood risk.
NA,NA,1037569,1322250010003,F2,5,1037569,Industrial land. No facility points within 100 m. Chemical data will be missing but chemical release potential exists. Will need manual checks if these areas show severe flood risk.
NA,NA,1039035,0640150000023,F2,5,1039035,Industrial land. No facility points within 100 m. Chemical data will be missing but chemical release potential exists. Will need manual checks if these areas show severe flood risk.
NA,NA,1039419,0640150000025,F2,5,1039419,Industrial land. No facility points within 100 m. Chemical data will be missing but chemical release potential exists. Will need manual checks if these areas show severe flood risk.
NA,NA,1039956,0640150000109,F2,5,1039956,Industrial land. No facility points within 100 m. Chemical data will be missing but chemical release potential exists. Will need manual checks if these areas show severe flood risk.
NA,NA,1116106,0440810000097,F2,5,1116106,Industrial land. No facility points within 100 m. Chemical data will be missing but chemical release potential exists. Will need manual checks if these areas show severe flood risk.
NA,NA,1116287,1020020000002,F2,5,1116287,Industrial land. No facility points within 100 m. Chemical data will be missing but chemical release potential exists. Will need manual checks if these areas show severe flood risk.
NA,NA,1123339,0952420000002,F2,5,1123339,Industrial land. No facility points within 100 m. Chemical data will be missing but chemical release potential exists. Will need manual checks if these areas show severe flood risk.
NA,NA,1124165,0440820030010,F2,5,1124165,Industrial land. No facility points within 100 m. Chemical data will be missing but chemical release potential exists. Will need manual checks if these areas show severe flood risk.
NA,NA,1124379,0440820030130,F2,5,1124379,Industrial land. No facility points within 100 m. Chemical data will be missing but chemical release potential exists. Will need manual checks if these areas show severe flood risk.
NA,NA,1128343,0440820030108,F2,5,1128343,Industrial land. No facility points within 100 m. Chemical data will be missing but chemical release potential exists. Will need manual checks if these areas show severe flood risk.
NA,NA,1131136,0440810000098,F2,5,1131136,Industrial land. No facility points within 100 m. Chemical data will be missing but chemical release potential exists. Will need manual checks if these areas show severe flood risk.
NA,NA,1133783,1352440010001,F2,5,1133783,Industrial land. No facility points within 100 m. Chemical data will be missing but chemical release potential exists. Will need manual checks if these areas show severe flood risk.
NA,NA,1134140,0952420000006,F2,5,1134140,Industrial land. No facility points within 100 m. Chemical data will be missing but chemical release potential exists. Will need manual checks if these areas show severe flood risk.
NA,NA,1138175,0651200000023,F2,5,1138175,Industrial land. No facility points within 100 m. Chemical data will be missing but chemical release potential exists. Will need manual checks if these areas show severe flood risk.
NA,NA,1140124,0440820030533,F2,5,1140124,Industrial land. No facility points within 100 m. Chemical data will be missing but chemical release potential exists. Will need manual checks if these areas show severe flood risk.
NA,NA,1144607,0440820000660,F2,5,1144607,Industrial land. No facility points within 100 m. Chemical data will be missing but chemical release potential exists. Will need manual checks if these areas show severe flood risk.
NA,NA,1157573,0440820030020,F2,5,1157573,Industrial land. No facility points within 100 m. Chemical data will be missing but chemical release potential exists. Will need manual checks if these areas show severe flood risk.
NA,NA,1162229,1190380010001,F2,5,1162229,Industrial land. No facility points within 100 m. Chemical data will be missing but chemical release potential exists. Will need manual checks if these areas show severe flood risk.
NA,NA,1165905,1044230000010,F2,5,1165905,Industrial land. No facility points within 100 m. Chemical data will be missing but chemical release potential exists. Will need manual checks if these areas show severe flood risk.
NA,NA,1166600,1044220000018,F2,5,1166600,Industrial land. No facility points within 100 m. Chemical data will be missing but chemical release potential exists. Will need manual checks if these areas show severe flood risk.
NA,NA,1168683,0650190000065,F2,5,1168683,Industrial land. No facility points within 100 m. Chemical data will be missing but chemical release potential exists. Will need manual checks if these areas show severe flood risk.
NA,NA,1172987,1044230000014,F2,5,1172987,Industrial land. No facility points within 100 m. Chemical data will be missing but chemical release potential exists. Will need manual checks if these areas show severe flood risk.
NA,NA,1184608,1190380010003,F2,5,1184608,Industrial land. No facility points within 100 m. Chemical data will be missing but chemical release potential exists. Will need manual checks if these areas show severe flood risk.
NA,NA,1185784,1065710000004,F2,5,1185784,Industrial land. No facility points within 100 m. Chemical data will be missing but chemical release potential exists. Will need manual checks if these areas show severe flood risk.
NA,NA,1195394,1065710000001,F2,5,1195394,Industrial land. No facility points within 100 m. Chemical data will be missing but chemical release potential exists. Will need manual checks if these areas show severe flood risk.
NA,NA,1249861,1146810000004,F2,5,1249861,Industrial land. No facility points within 100 m. Chemical data will be missing but chemical release potential exists. Will need manual checks if these areas show severe flood risk.
NA,NA,1268776,1503140010001,F2,5,1268776,Industrial land. No facility points within 100 m. Chemical data will be missing but chemical release potential exists. Will need manual checks if these areas show severe flood risk.
NA,NA,1337923,0965070000005,F2,5,1337923,Industrial land. No facility points within 100 m. Chemical data will be missing but chemical release potential exists. Will need manual checks if these areas show severe flood risk.
NA,NA,1374114,1407860010001,F2,5,1374114,Industrial land. No facility points within 100 m. Chemical data will be missing but chemical release potential exists. Will need manual checks if these areas show severe flood risk.
NA,NA,1769925,0140-00-00460,F2,5,1769925,Industrial land. No facility points within 100 m. Chemical data will be missing but chemical release potential exists. Will need manual checks if these areas show severe flood risk.
NA,NA,1770100,3450-00-05100,F2,5,1770100,Industrial land. No facility points within 100 m. Chemical data will be missing but chemical release potential exists. Will need manual checks if these areas show severe flood risk.
NA,NA,1817362,0824-00-01500,F2,5,1817362,Industrial land. No facility points within 100 m. Chemical data will be missing but chemical release potential exists. Will need manual checks if these areas show severe flood risk.
NA,NA,1817363,0824-00-01600,F2,5,1817363,Industrial land. No facility points within 100 m. Chemical data will be missing but chemical release potential exists. Will need manual checks if these areas show severe flood risk.
NA,NA,1818846,0502-02-02200,F2,5,1818846,Industrial land. No facility points within 100 m. Chemical data will be missing but chemical release potential exists. Will need manual checks if these areas show severe flood risk.
NA,NA,1849098,67330001001,F2,5,1849098,Industrial land. No facility points within 100 m. Chemical data will be missing but chemical release potential exists. Will need manual checks if these areas show severe flood risk.
NA,NA,1977579,0026-00-00100,F2,5,1977579,Industrial land. No facility points within 100 m. Chemical data will be missing but chemical release potential exists. Will need manual checks if these areas show severe flood risk.
NA,NA,2129621,7205-02-00500,F2,5,2129621,Industrial land. No facility points within 100 m. Chemical data will be missing but chemical release potential exists. Will need manual checks if these areas show severe flood risk.
NA,NA,2130260,0166-00-00201,F2,5,2130260,Industrial land. No facility points within 100 m. Chemical data will be missing but chemical release potential exists. Will need manual checks if these areas show severe flood risk.
NA,NA,2149336,5300-00-010-0000-907,F2,5,2149336,Industrial land. No facility points within 100 m. Chemical data will be missing but chemical release potential exists. Will need manual checks if these areas show severe flood risk.
NA,NA,2149729,1750-00-001-0720-907,F2,5,2149729,Industrial land. No facility points within 100 m. Chemical data will be missing but chemical release potential exists. Will need manual checks if these areas show severe flood risk.
NA,NA,2167473,0117-00-000-3602-907,F2,5,2167473,Industrial land. No facility points within 100 m. Chemical data will be missing but chemical release potential exists. Will need manual checks if these areas show severe flood risk.
NA,NA,2179100,0117-00-000-2608-907,F2,5,2179100,Industrial land. No facility points within 100 m. Chemical data will be missing but chemical release potential exists. Will need manual checks if these areas show severe flood risk.
NA,NA,2179269,0163-00-000-1421-907,F2,5,2179269,Industrial land. No facility points within 100 m. Chemical data will be missing but chemical release potential exists. Will need manual checks if these areas show severe flood risk.
NA,NA,2259451,0169-00-000-3900-907,F2,5,2259451,Industrial land. No facility points within 100 m. Chemical data will be missing but chemical release potential exists. Will need manual checks if these areas show severe flood risk.
NA,NA,2276380,NA,F2,5,2276380,Industrial land. No facility points within 100 m. Chemical data will be missing but chemical release potential exists. Will need manual checks if these areas show severe flood risk.
NA,NA,2281601,NA,F2,5,2281601,Industrial land. No facility points within 100 m. Chemical data will be missing but chemical release potential exists. Will need manual checks if these areas show severe flood risk.
NA,NA,2288059,NA,F2,5,2288059,Industrial land. No facility points within 100 m. Chemical data will be missing but chemical release potential exists. Will need manual checks if these areas show severe flood risk.
NA,NA,2290778,NA,F2,5,2290778,Industrial land. No facility points within 100 m. Chemical data will be missing but chemical release potential exists. Will need manual checks if these areas show severe flood risk.
NA,NA,2291311,NA,F2,5,2291311,Industrial land. No facility points within 100 m. Chemical data will be missing but chemical release potential exists. Will need manual checks if these areas show severe flood risk.
NA,NA,2299685,NA,F2,5,2299685,Industrial land. No facility points within 100 m. Chemical data will be missing but chemical release potential exists. Will need manual checks if these areas show severe flood risk.
NA,NA,2300968,NA,F2,5,2300968,Industrial land. No facility points within 100 m. Chemical data will be missing but chemical release potential exists. Will need manual checks if these areas show severe flood risk.
NA,NA,2301066,NA,F2,5,2301066,Industrial land. No facility points within 100 m. Chemical data will be missing but chemical release potential exists. Will need manual checks if these areas show severe flood risk.
NA,NA,2302106,NA,F2,5,2302106,Industrial land. No facility points within 100 m. Chemical data will be missing but chemical release potential exists. Will need manual checks if these areas show severe flood risk.
NA,NA,2302849,NA,F2,5,2302849,Industrial land. No facility points within 100 m. Chemical data will be missing but chemical release potential exists. Will need manual checks if these areas show severe flood risk.
