REGISTRY_ID,PRIMARY_NAME,LOCATION_ADDRESS,CITY_NAME,COUNTY_NAME,FIPS_CODE,POSTAL_CODE,CENSUS_BLOCK_CODE,LATITUDE83,LONGITUDE83,ACCURACY_VALUE,REF_POINT_DESC,HDATUM_DESC
110000461009,MERISOL GREENS BAYOU PLANT,1914 HADEN RD,HOUSTON,HARRIS,48201,77015,482000000000000,29.760745,-95.176749,1945,FACILITY CENTROID,NAD83
110000461526,DREYER'S GRAND ICE CREAM,4494 CAMPBELL ROAD,HOUSTON,HARRIS,48201,77041-9100,NA,NA,NA,NA,NA,NAD83
110000461875,"SOUTH HOUSTON, TX TERMINAL",10617 EAST ALMEDA,HOUSTON,HARRIS,48201,77051,482000000000000,29.666409,-95.398065,50,ENTRANCE POINT OF A FACILITY OR STATION,NAD83
110000462160,IGLOO PRODS  CORP,1001 W. SAM HOUSTON PKY.,HOUSTON,HARRIS,48201,77043,482000000000000,29.78689,-95.56369,30,CENTER OF A FACILITY OR STATION,NAD83
110000462801,GRACE PASADENA CATALYST SITE,10001 CHEMICAL RD,PASADENA,HARRIS,48201,77507,482000000000000,29.616458,-95.052192,21,PROCESS UNIT AREA CENTROID,NAD83
110000462963,JX NIPPON CHEMICAL TEXAS INC,10500 BAY AREA BLVD,PASADENA,HARRIS,48201,77507,482000000000000,29.608611,-95.051944,NA,CENTER OF A FACILITY OR STATION,NAD83
110000463169,EXXONMOBIL CHEMICAL CO BAYTOWN OLEFINS PLANT (PART),3525 DECKER DR,BAYTOWN,HARRIS,48201,77520,482000000000000,29.756256,-95.011032,1945,FACILITY CENTROID,NAD83
110000463178,EXXONMOBIL BAYTOWN CHEMICAL PLANT,5000 BAYWAY DRIVE P.O. BOX 4004,BAYTOWN,HARRIS,48201,775224004,482000000000000,29.73934,-95.022404,1945,CENTER OF FACILITY,NAD83
110000463374,AKZO NOBEL POLYMER CHEMICALS LLC,730 BATTLEGROUND RD.,DEER PARK,HARRIS,48201,775360600,482000000000000,29.687314,-95.12114,10000,ACRES POINTS NOT REPRESENTED BY 101-107,NAD83
110000463392,BASF CORP - FREEPORT SITE,602 COPPER ROAD,FREEPORT,BRAZORIA,48039,77541-3001,480000000000000,29.002075,-95.399777,NA,CENTER OF A FACILITY OR STATION,NAD83
110000463427,SI GROUP TX OPERATIONS,702 FM 523,FREEPORT,BRAZORIA,48039,77541,480000000000000,28.9744,-95.34453,30,CENTER OF A FACILITY OR STATION,NAD83
110000463445,COMPOSITE PRODUCT DIVISION FREEPORT,102 S. AVE. A,FREEPORT,BRAZORIA,48039,77541-4704,480000000000000,28.958891,-95.36052,150,PLANT ENTRANCE (GENERAL),NAD83
110000463481,AMERICAN PLANT FOOD,903 MAYO SHELL RD,GALENA PARK,HARRIS,48201,77547,482000000000000,29.72599,-95.24373,30,CENTER OF A FACILITY OR STATION,NAD83
110000463739,SCHLUMBERGER RESERVOIR COMPLETIONS,14910 AIRLINE RD.,ROSHARON,BRAZORIA,48039,77583,480000000000000,29.368373,-95.441468,50,ENTRANCE POINT OF A FACILITY OR STATION,NAD83
110000463891,SOUTHERN MFG FIBERGLASS FACILITY,6287 GULFWAY DRIVE,GROVES,JEFFERSON,48245,77619-4220,482000000000000,29.93411,-93.89868,30,CENTER OF A FACILITY OR STATION,NAD83
110000463917,LUCITE INTERNATIONAL INC,6350 N TWIN CITY HWY,NEDERLAND,JEFFERSON,48245,77627,482000000000000,30.013916,-94.029616,10,FACILITY CENTROID,NAD83
110000464006,AIR PRODUCTS LLC (PORT  ARTHUR II HYDROGEN/COGEN),1801 SOUTH GULFWAY DRIVE,PORT ARTHUR,JEFFERSON,48245,776400909,482000000000000,29.868333,-93.968333,NA,CENTER OF A FACILITY OR STATION,NAD83
110000464015,U.S. INTEC INCORPORATED,1212 BRAI DR.,PORT ARTHUR,JEFFERSON,48245,77640,482000000000000,29.953206,-94.042019,11000,UNKNOWN,NAD83
110000464024,TOTAL PORT ARTHUR REFINERY,53RD AND ROOSEVELT AVENUE,WEST PORT ARTHUR,JEFFERSON,48245,77640,482000000000000,29.883333,-93.958333,NA,CENTER OF A FACILITY OR STATION,NAD83
110000464042,KMTEX,2450 S GULFWAY DR PORT ARTHUR,PORT ARTHUR,JEFFERSON,48245,77640,482000000000000,29.825641,-93.965034,NA,PLANT ENTRANCE (GENERAL),NAD83
110000464051,AFTON CHEMICAL ADDITIVES CORPO RATION,4245 SAVANNAH AVENUE,PORT ARTHUR,JEFFERSON,48245,77640-3668,482000000000000,29.903023,-93.966363,50,ENTRANCE POINT OF A FACILITY OR STATION,NAD83
110000464088,HUNTSMAN PETROCHEMICAL O AND O PLANT,2401 SPUR 136,PORT NECHES,JEFFERSON,48245,77651,482000000000000,29.977583,-93.944467,50,ENTRANCE POINT OF A FACILITY OR STATION,NAD83
110000464131,MOBIL CHEMICAL COMPANY BCSP,2775 GULF STATES RD.,BEAUMONT,JEFFERSON,48245,77704,482000000000000,30.061002,-94.068815,50,ENTRANCE POINT OF A FACILITY OR STATION,NAD83
110000464140,NORTH REGIONAL TREATMENT PLANT,2655 GULF STATES ROAD,BEAUMONT,JEFFERSON,48245,77726,482000000000000,30.063425,-94.061066,30,FACILITY CENTROID,NAD83
110000464159,PD GLYCOL BEAUMONT PLANT,3510 GULF STATES ROAD,BEAUMONT,JEFFERSON,48245,77701,482000000000000,30.060438,-94.044533,NA,CENTER OF A FACILITY OR STATION,NAD83
110000464168,ARKEMA BEAUMONT PLANT,2810 GULF STATES RD,BEAUMONT,JEFFERSON,48245,77701,NA,NA,NA,NA,NA,NAD83
110000464177,SUNOCO HEBERT TERMINAL,15651 W PORT ARTHUR RD,BEAUMONT,JEFFERSON,48245,77705,482000000000000,29.984127,-94.060676,50,ENTRANCE POINT OF A FACILITY OR STATION,NAD83
110000464195,BEAUMONT FACILITY,1400 OLIN ROAD,BEAUMONT,JEFFERSON,48245,77705-5754,NA,NA,NA,NA,NA,NAD83
110000464211,LINDE - BEAUMONT,3980 GULF STATES RD,BEAUMONT,JEFFERSON,48245,77701,482000000000000,30.060957,-94.042205,25,CENTER OF FACILITY,NAD83
110000464239,BASF CORP - BEAUMONT,14385 WEST PORT ARTHUR ROAD,BEAUMONT,JEFFERSON,48245,77705-9290,NA,NA,NA,NA,NA,NAD83
110000495223,COASTAL OYSTER CREEK AMMONIA CHEMICAL PLANT,1811 FM RD. 523,FREEPORT,BRAZORIA,48039,77541,480000000000000,28.987667,-95.335833,NA,CENTER OF FACILITY,NAD83
110000497793,CONOCOPHILLIPS SAN BERNARD TERMINAL,CR 372,SWEENY,BRAZORIA,48039,77480,480000000000000,29.061054,-95.672676,11000,UNKNOWN,NAD83
110000503688,"CHEMTREAT, INC. NEDERLAND, TEXAS",4200 TWIN CITY HIGHWAY,NEDERLAND,JEFFERSON,48245,77627-3151,482000000000000,30.001,-94.021722,25,PLANT ENTRANCE (GENERAL),NAD83
110000504703,TEXAS LIQUID FERTILIZER COMPANY LIMITED,1275 ZACH ROAD,HEMPSTEAD,WALLER,48473,77445-7048,485000000000000,30.110083,-96.08139,25,CENTER OF FACILITY,NAD83
110000504801,PORT NECHES OPERATIONS,2102 SPUR 136,PORT NECHES,JEFFERSON,48245,77651,482000000000000,29.964146,-93.930138,NA,CENTER OF A FACILITY OR STATION,NAD83
110000505007,CITY OF NAVASOTA WASTEWATER TREATMENT PLANT,108 PEEPLES STREET,NAVASOTA,GRIMES,48185,77868,482000000000000,30.38402,-96.09993,NA,CENTER OF FACILITY,NAD83
110000505908,CITY OF NAVASOTA WATER PLANT,510 MALCOLM,NAVASOTA,GRIMES,48185,77868,482000000000000,30.3839,-96.08981,NA,CENTER OF FACILITY,NAD83
110000506097,RANDALLS DISTRIBUTION CENTER,10700 TELGE ROAD,HOUSTON,HARRIS,48201,77095-5002,482000000000000,29.9254,-95.64587,30,CENTER OF A FACILITY OR STATION,NAD83
110000599326,H  C  CHANDLER & SON INC,HWY 105 W,PLANTERSVILLE,GRIMES,48185,77363,482000000000000,30.349025,-95.90046,11000,UNKNOWN,NAD83
110000599433,DSM NUTRITIONAL PRODUCTS,1000 CR 227,FREEPORT,BRAZORIA,48039,77541,480000000000000,29.0111,-95.3672,100,CENTER OF A FACILITY OR STATION,NAD83
110000599451,VENCOREX US - FREEPORT PLANT,6213 E HIGHWAY 332,FREEPORT,BRAZORIA,48039,77541,480000000000000,28.991019,-95.36107,NA,AIR RELEASE VENT,NAD83
110000599488,POLY ONE CORP,5306 HIGHWAY 146,SEABROOK,HARRIS,48201,77586,482000000000000,29.58344,-95.029019,50,ENTRANCE POINT OF A FACILITY OR STATION,NAD83
110000599567,HUNTSMAN PETROCHEMICAL LLC PORT NECHES FACILITY,HIGHWAY 366 & HOGABOOM ROAD,PORT NECHES,JEFFERSON,48245,77651,482000000000000,29.990148,-93.946735,30,CENTER OF A FACILITY OR STATION,NAD83
110000599576,OILTANKING - OPERATING MOTIVA PORT NECHES TERMINAL,100 E PORT NECHES AVE,PORT NECHES,JEFFERSON,48245,77651,482000000000000,29.973553,-93.939461,30,FACILITY CENTROID,NAD83
110000602170,CONOCOPHILLIPS CO  JONES CREEK TERMINAL,STATE HWY 36 S,JONES CREEK,BRAZORIA,48039,77541,480000000000000,28.940267,-95.430237,100,ACRES POINTS NOT REPRESENTED BY 101-107,NAD83
110000606942,CENTRAL INTL CORP,FARM MARKET ROAD 1011,LIBERTY,LIBERTY,48291,775752250,483000000000000,30.120428,-94.774569,11000,UNKNOWN,NAD83
110000608263,DAISETTA UNDERGROUND STORAGE FACILITY,E. OF HWY. 834 END OF BOBCAT LN.,DAISETTA,LIBERTY,48291,77533,483000000000000,30.139444,-94.624444,NA,PLANT ENTRANCE (GENERAL),NAD83
110000608272,MERISOL USA LLC,HIGHWAY 124 & ROLLINS ROAD,WINNIE,CHAMBERS,48071,77665,482000000000000,29.833773,-94.343985,11000,UNKNOWN,NAD83
110000619545,AZTEC MERCURY INC,401 CALLAWAY DRIVE,ALVIN,BRAZORIA,48039,77511,NA,NA,NA,NA,NA,NAD83
110000743839,SHINTECH INC,5618 HIGHWAY 332 EAST,FREEPORT,BRAZORIA,48039,77541-3198,480000000000000,28.994467,-95.356329,NA,CENTER OF A FACILITY OR STATION,NAD83
110000743848,SENTRY POLYMERS,5500 E. HWY. 332,FREEPORT,BRAZORIA,48039,77541-3111,480000000000000,28.990238,-95.354767,50,ENTRANCE POINT OF A FACILITY OR STATION,NAD83
110000743893,OILTANKING BEAUMONT TERMINAL,6275 HIGHWAY 347,BEAUMONT,JEFFERSON,48245,77705,482000000000000,30.021422,-94.048809,50,ENTRANCE POINT OF A FACILITY OR STATION,NAD83
110000743900,OCI BEAUMONT LLC,5470 N TWIN CITY HWY,BEAUMONT,JEFFERSON,48245,77705,482000000000000,30.013944,-94.048333,10,NA,NAD83
110000746499,INEOS CALABRIAN,5500 HWY 366,PORT NECHES,JEFFERSON,48245,77651,482000000000000,29.98877,-93.97538,50,ENTRANCE POINT OF A FACILITY OR STATION,NAD83
110000746505,"GE BETZ, INC.",10658 HIGHWAY 90 WEST,BEAUMONT,JEFFERSON,48245,77713,482000000000000,30.064675,-94.222025,25,CENTER OF FACILITY,NAD83
110000747318,MHBA CB LLLP,FM 2917,ALVIN,BRAZORIA,48039,775110000,480000000000000,29.413774,-95.263726,11000,UNKNOWN,NAD83
110000754167,NALCO CO,2322 COUNTY ROAD 229,FREEPORT,BRAZORIA,48039,77541,480000000000000,28.9578,-95.335,10,CENTER OF FACILITY,NAD83
110000755022,HULL TERMINAL,EAST OF HIGHWAY 834 END OF MOBIL ROAD,HULL,LIBERTY,48291,77564,483000000000000,30.139444,-94.624444,1,PLANT ENTRANCE (GENERAL),NAD83
110000755200,TOTAL PETROCHEMICALS USA,HIGHWAY 366 AND 32ND STREET,PORT ARTHUR,JEFFERSON,48245,77642,482000000000000,29.957935,-93.897484,NA,NA,NAD83
110000757734,LA PORTE SENS ROAD FACILITY,11935 HWY 225,LA PORTE,HARRIS,48201,77571-9756,482000000000000,29.690833,-95.046278,30,NW CORNER OF LAND PARCEL,NAD83
110000757752,DEER PARK TERMINAL,2759 INDEPENDENCE PARKWAY SOUTH,DEER PARK,HARRIS,48201,77536,482000000000000,29.741093,-95.094145,NA,CENTER OF A FACILITY OR STATION,NAD83
110000822628,CORE LABORATORIES INC - SAYBOLT,2216 CATALINA,PASADENA,HARRIS,48201,77503-3521,482000000000000,29.67858,-95.1441,30,CENTER OF A FACILITY OR STATION,NAD83
110000825135,POLYTEX FIBERS CORPORATION,9341 BAYTHORNE DR,HOUSTON,HARRIS,48201,77041-7785,482000000000000,29.842399,-95.523129,50,ENTRANCE POINT OF A FACILITY OR STATION,NAD83
110000825242,INKJET INC,107 LAKE ROLLINGWOOD,CONROE,MONTGOMERY,48339,77303,483000000000000,30.39837,-95.39033,500,ENTRANCE POINT OF A FACILITY OR STATION,NAD83
110000861862,MOTIVA CHEMICALS LLC,4241 SAVANNAH AVE,PORT ARTHUR,JEFFERSON,48245,77640,482000000000000,29.892778,-93.973333,NA,CENTER OF A FACILITY OR STATION,NAD83
110000874723,MOBIL OIL CORPORATION,1700 DOUCETTE ST,BEAUMONT,JEFFERSON,48245,77701,482000000000000,30.0637,-94.077613,50,ENTRANCE POINT OF A FACILITY OR STATION,NAD83
110001140391,ARCO CHEMICAL CO TURTLE BAYOU,1003 COUNTY ROAD 126,LIBERTY,LIBERTY,48291,77575,483000000000000,29.920446,-94.684439,50,ENTRANCE POINT OF A FACILITY OR STATION,NAD83
110001148749,MASTER CHEMICAL CORP,2200 HWY 19,HUNTSVILLE,WALKER,48471,77340,485000000000000,30.709167,-95.524167,NA,NA,NAD83
110001148954,U.S. DEPARTMENT OF ENERGY,COUNTY RD 242A,FREEPORT,BRAZORIA,48039,77541,480000000000000,28.92,-95.36996,50,ENTRANCE POINT OF A FACILITY OR STATION,NAD83
110001867588,UNITED STATES GYPSUM,1201 MAYO SHELL ROAD,GALENA PARK,HARRIS,48201,77547,482000000000000,29.72261,-95.24271,NA,NA,NAD83
110001867677,MARTIN ASPHALT-SOUTH HOUSTON,300 CHRISTI PL,SOUTH HOUSTON,HARRIS,48201,77587,482000000000000,29.66201,-95.23151,30,CENTER OF A FACILITY OR STATION,NAD83
110001869274,BEAUMONT TERMINAL,3275 AMOCO ROAD EXTENSION,BEAUMONT,JEFFERSON,48245,77701,482000000000000,29.872,-94.147003,NA,OTHER,NAD83
110002042502,OXBOW CALCINING,3901 COKE DOCK RD,PORT ARTHUR,JEFFERSON,48245,77640,482000000000000,29.835111,-93.963542,50,CENTER OF A FACILITY OR STATION,NAD83
110002134155,AIR LIQUIDE FREEPORT ASU,1711 FM 523,FREEPORT,BRAZORIA,48039,77541,480000000000000,28.984473,-95.336446,50,ENTRANCE POINT OF A FACILITY OR STATION,NAD83
110002134226,AIR LIQUIDE LARGE INDUSTRIES NEDERLAND,5100 NORTH TWIN CITY HIGHWAY,NEDERLAND,JEFFERSON,48245,77627-3100,482000000000000,30.00325,-94.021,400,POINT WHERE SUBSTANCE IS RELEASED,NAD83
110002134253,PORT ARTHUR RESEARCH FAC,4545 SAVANNAH AVENUE,PORT ARTHUR,JEFFERSON,48245,77640,482000000000000,29.900986,-93.968955,600,UNKNOWN,NAD83
110002134280,HELENA LABORATORIES INC.,1530 LINDBERGH DR.,BEAUMONT,JEFFERSON,48245,77707-4131,482000000000000,30.05776,-94.15543,30,CENTER OF A FACILITY OR STATION,NAD83
110002134324,FIBERGLASS MFG & FABR FAC,8645 BROUSSARD RD.,BEAUMONT,JEFFERSON,48245,77713,482000000000000,30.1743,-94.216814,50,ENTRANCE POINT OF A FACILITY OR STATION,NAD83
110002339568,FREEPORT VINYL TECHNOLOGIES,6220 HWY. 332 E.,FREEPORT,BRAZORIA,48039,77541-3007,480000000000000,28.995767,-95.36612,50,ENTRANCE POINT OF A FACILITY OR STATION,NAD83
110002339586,AIR LIQUIDE AMERICA CORP,6895 HWY 347,BEAUMONT,JEFFERSON,48245,77705,482000000000000,30.015857,-94.04138,50,ENTRANCE POINT OF A FACILITY OR STATION,NAD83
110005016945,WESTERN CONTAINER,3801 DISTRIBUTION ROAD,HOUSTON,HARRIS,48201,77018,482000000000000,29.82256,-95.40503,30,CENTER OF A FACILITY OR STATION,NAD83
110005020645,ASHBURN INC,18401 AMOCO PRODUCTION ROAD,ALVIN,BRAZORIA,48039,77511,NA,NA,NA,NA,NA,NAD83
110005021207,PRAXAIR,9408 IH 10 E GATE 6,BAYTOWN,HARRIS,48201,77520,482000000000000,29.783525,-95.0479,NA,CENTER OF FACILITY,NAD83
110005023839,STAR ENTERPRISES,4190 GLADYS AVE,BEAUMONT,JEFFERSON,48245,77706-3600,482000000000000,30.09336,-94.14698,30,CENTER OF A FACILITY OR STATION,NAD83
110005028120,PASADENA PERFORMANCE PRODUCTS,601 N SOUTH ST,PASADENA,HARRIS,48201,77503,482000000000000,29.721174,-95.171678,50,ENTRANCE POINT OF A FACILITY OR STATION,NAD83
110005035470,GROCERS SUPPLY,3131 E HOLCOMBE BLVD,HOUSTON,HARRIS,48201,77021-2199,482000000000000,29.70237,-95.37698,30,CENTER OF A FACILITY OR STATION,NAD83
110005036923,GULF STATES ASPHALT CO,1399 CARROLL,BEAUMONT,JEFFERSON,48245,77705,482000000000000,30.07371,-94.07946,30,CENTER OF A FACILITY OR STATION,NAD83
110005037209,SF SULFUR,608 E. 2ND ST,FREEPORT,BRAZORIA,48039,77541,480000000000000,28.94807,-95.33749,30,CENTER OF A FACILITY OR STATION,NAD83
110005050014,FISHER SCIENTIFIC COMPANY LLC,10700 ROCKLEY RD,HOUSTON,HARRIS,48201,77099,482000000000000,29.66394,-95.5667,30,CENTER OF A FACILITY OR STATION,NAD83
110005052003,GRAHAM PACKAGING,3833 W 11TH,HOUSTON,HARRIS,48201,77055-7301,482000000000000,29.78935,-95.44679,30,CENTER OF A FACILITY OR STATION,NAD83
110005052441,EXXONMOBIL OIL COLONIAL STORAGE FACILITY,13300 W PORT ARTHUR RD,BEAUMONT,JEFFERSON,48245,77705,482000000000000,29.961052,-94.046296,50,ENTRANCE POINT OF A FACILITY OR STATION,NAD83
110005054403,QUALITY SALES,7950 EASTEX FREEWAY,BEAUMONT,JEFFERSON,48245,77708-2419,482000000000000,30.14275,-94.17612,30,CENTER OF A FACILITY OR STATION,NAD83
110005067195,CAVALCADE RADIATOR SHOP INC,3684 EASTEX FREEWAY,HOUSTON,HARRIS,48201,77026,482000000000000,29.79988,-95.33931,50,ENTRANCE POINT OF A FACILITY OR STATION,NAD83
110005071796,COCA-COLA BOTTLING CO,5800 SURREY SQUARE,HOUSTON,HARRIS,48201,77017,482000000000000,29.67295,-95.25232,30,CENTER OF A FACILITY OR STATION,NAD83
110005072303,KROGER DISTRIBUTION - TEXAS BAKERY,701 GELLHORN DR,HOUSTON,HARRIS,48201,77029,482000000000000,29.77653,-95.27208,50,ENTRANCE POINT OF A FACILITY OR STATION,NAD83
110005078021,PETROLEUM FUEL AND TERMINAL CO,408 HOLLY ST,FREEPORT,BRAZORIA,48039,77541,480000000000000,28.936847,-95.306828,50,ENTRANCE POINT OF A FACILITY OR STATION,NAD83
110005078110,W MENGDEN,13410 RIVER TRAIL,HOUSTON,HARRIS,48201,77001,NA,NA,NA,NA,NA,NAD83
110005079066,LEAGUE CITY PETROLEUM BLENDING,FM 1266 HOUSTON GULF AIRPORT,LEAGUE CITY,GALVESTON,48167,77573,NA,NA,NA,NA,NA,NAD83
110005079672,SHELL OIL,301 AVE L,PORT NECHES,JEFFERSON,48245,77651,482000000000000,29.983132,-93.949261,150,PLANT ENTRANCE (GENERAL),NAD83
110005080401,JEWELL SERVICES,10902 SHADOW WOOD DR,HOUSTON,HARRIS,48201,77043-2719,482000000000000,29.80464,-95.57021,30,CENTER OF A FACILITY OR STATION,NAD83
110005093362,COCA COLA BOTTLING OF ANGLETON,1401 E CEDAR ST,ANGLETON,BRAZORIA,48039,77515-4121,480000000000000,29.17006,-95.41541,30,CENTER OF A FACILITY OR STATION,NAD83
110005102913,FUTURE FOAM INC,685 INDUSTRIAL RD,BEAUMONT,JEFFERSON,48245,77705,482000000000000,29.96821,-94.20231,11000,UNKNOWN,NAD83
110005108374,PIPING TECHNOLOGY & PRODUCTS,3701 HOLMES RD,HOUSTON,HARRIS,48201,77051,482000000000000,29.67838,-95.37055,30,CENTER OF A FACILITY OR STATION,NAD83
110005129761,EXXON MOBIL NO 67234,12585 N BAMMEL HOUSTON,HOUSTON,HARRIS,48201,77066,NA,NA,NA,NA,NA,NAD83
110005147876,PRO-TECH PAINTS INC,120 ANTON STADE RD,ROSENBERG,FORT BEND,48157,77471,482000000000000,29.52061,-95.88231,30,CENTER OF A FACILITY OR STATION,NAD83
110005152707,PHILLIPS PETROLEUM CO SS#27063,801 S 17TH ST,WEST COLUMBIA,BRAZORIA,48039,77486-3631,480000000000000,29.13769,-95.65373,30,CENTER OF A FACILITY OR STATION,NAD83
110005166774,WAL-MART RETURN CENTER 9153,17211 NORTH FREEWAY,HOUSTON,HARRIS,48201,77090-5007,482000000000000,30.01643,-95.42886,30,CENTER OF A FACILITY OR STATION,NAD83
110005175675,SUGAR LAND FACILITY,14141 SOUTHWEST FREEWAY,SUGAR LAND,FORT BEND,48157,77478-3470,482000000000000,29.61361,-95.60717,30,CENTER OF A FACILITY OR STATION,NAD83
110005180295,VWR INTERNATIONAL,12835 JESS PIRTLE BLVD,SUGAR LAND,FORT BEND,48157,774782860,482000000000000,29.63716,-95.60852,30,CENTER OF A FACILITY OR STATION,NAD83
110005183620,BAKER PETROLITE SUGAR LAND,12645 W AIRPORT,SUGAR LAND,FORT BEND,48157,77478-6120,482000000000000,29.64696,-95.60329,30,CENTER OF A FACILITY OR STATION,NAD83
110005183853,BIOTICS RESEARCH,6801 BIOTICS RESEARCH DRIVE,ROSENBERG,FORT BEND,48157,77471-5755,482000000000000,29.53731,-95.75883,30,CENTER OF A FACILITY OR STATION,NAD83
110005184497,AIR LIQUIDE - FREEPORT HYCO PLANT,2398 VICTORIA ST,FREEPORT,BRAZORIA,48039,77541,480000000000000,28.98037,-95.38396,50,ENTRANCE POINT OF A FACILITY OR STATION,NAD83
110005184521,FEDERAL CONTAINER CORPORATION,1525A N 75TH ST,HOUSTON,HARRIS,48201,77011,482000000000000,29.73015,-95.29326,30,ENTRANCE POINT OF A FACILITY OR STATION,NAD83
110005187056,ICO POLYMERS NORTH AMERICA,16646 OLD NOME RD,CHINA,JEFFERSON,48245,77613,482000000000000,30.04596,-94.35294,NA,ENTRANCE POINT OF A FACILITY OR STATION,NAD83
110005192255,TRI-GAS,4403 TENNECO RD,PASADENA,HARRIS,48201,77502,NA,NA,NA,NA,NA,NAD83
110005193352,AIR PRODUCTS AND CHEMICALS INC,17403 WALLISVILE RD,CHANNELVIEW,HARRIS,48201,77530,NA,NA,NA,NA,NA,NAD83
110006123854,NITA INDUSTRIES,"CEMETERY RD, HEMPSTEAD, TX",HEMPSTEAD,WALLER,48473,77445,NA,NA,NA,NA,NA,NAD83
110006124336,SOUTHERN REFUSE,1402 COUNTY ROAD 434,CLUTE,BRAZORIA,48039,77531,480000000000000,29.013923,-95.384629,50,ENTRANCE POINT OF A FACILITY OR STATION,NAD83
110006124381,PHILLIPS PETROLEUM,CR 169 5 MI SE OF ALVIN TX,ALVIN TX,BRAZORIA,48039,77511,NA,NA,NA,NA,NA,NAD83
110006124746,ONYX INDUSTRIAL SERVICES INC,5959 HIGHWAY 69,PORT ARTHUR,JEFFERSON,48245,77640,482000000000000,29.918394,-93.954989,2000,PLANT ENTRANCE (GENERAL),NAD83
110006129661,KENDON,RR 2 BOX 21633,WINNIE,CHAMBERS,48071,77665,NA,NA,NA,NA,NA,NAD83
110006130258,BIOTICS RESEARCH CORPORATION,4850 WRIGHT RD STE 150,STAFFORD,FORT BEND,48157,77477,482000000000000,29.630133,-95.586434,50,ENTRANCE POINT OF A FACILITY OR STATION,NAD83
110006130515,SEATEX,445 HIGHWAY 36 N,ROSENBERG,FORT BEND,48157,77471,482000000000000,29.5628,-95.82355,30,CENTER OF A FACILITY OR STATION,NAD83
110006132504,CUSTOM SAFETY PRODUCTS INC,1030 COUNTY ROAD 129,FRIENDSWOOD,GALVESTON,48167,77546,NA,NA,NA,NA,NA,NAD83
110006134691,BASF FINA PETROCHEMICALS,7501 GULFWAY DR,PORT ARTHUR,JEFFERSON,48245,77642-0301,482000000000000,29.951649,-93.887272,25,PLANT ENTRANCE (GENERAL),NAD83
110006686700,RAVAGO MANUFACTURING AMERICAS PLANT,18121 COCHRAN RD,HEMPSTEAD,WALLER,NA,774459373,485000000000000,30.034121,-95.9922,30,CENTER OF A FACILITY OR STATION,NAD83
110006800989,NORTH PARK BUSINESS CENTER WWTF,1701 NORTHPARK STE 1,KINGWOOD,MONTGOMERY,48201,77339,483000000000000,30.06864,-95.229119,50,ENTRANCE POINT OF A FACILITY OR STATION,NAD83
110007177571,UNITED SALT CORPORATION,"BLUE RIDGE PLANT, MISSOURI CIT",MISSOURI CITY,FORT BEND,48157,77459,482000000000000,29.58361,-95.485830000000007,100,POINT WHERE SUBSTANCE IS RELEASED,NAD83
110007182360,PHILLIPS 66 SWEENY REFINERY COMPLEX,8189 OLD FM 524,OLD OCEAN,BRAZORIA,48039,77463,480000000000000,29.070847,-95.750363,NA,CENTER OF A FACILITY OR STATION,NAD83
110007200377,MAGPETCO TANK FARM,MAGNOLIA AVENUE,PORT NECHES,JEFFERSON,48245,77651,482000000000000,30.001671,-93.970833,NA,AIR RELEASE STACK,NAD83
110007200386,INDEPENDENT REFINING CORPORATION,HIGHWAY 124 & ROLLINS ROAD,WINNIE,CHAMBERS,48071,77665,482000000000000,29.838889000000002,-94.341667,NA,NA,NAD83
110007206095,SIGNAL INTERNATIONAL TEXAS NORTH YARD,2350 S GULFWAY DR,PORT ARTHUR,JEFFERSON,48245,77640-4539,482000000000000,29.89453,-93.93285,50,ENTRANCE POINT OF A FACILITY OR STATION,NAD83
110008060622,NECHES TERMINAL,NO. 1 GULF STATES ROAD,BEAUMONT,JEFFERSON,48245,77704,NA,NA,NA,NA,NA,NAD83
110008139941,INEOS USA LLC -  STRATTON RIDGE FACILITY,5 M SOUTH FM 523 AND FM 2004,CLUTE,BRAZORIA,48039,77531,480000000000000,29.055833,-95.346667,25,ADMINISTRATIVE BUILDING,NAD83
110008146158,SUNOCO - NEDERLAND MARINE TERMINAL,2200 N HIGHWAY 347,NEDERLAND,JEFFERSON,48245,77627,482000000000000,29.993333,-93.993888,NA,CENTER OF A FACILITY OR STATION,NAD83
110008147273,PORT NECHES ASPHALT,100 1/2 E PORT NECHES AVE,PORT NECHES,JEFFERSON,48245,77651,482000000000000,29.98806,-93.93639,NA,NA,NAD83
110008147371,ROWE PRODUCTS OF TEXAS INC,1928 HIGHWAY 523,FREEPORT,BRAZORIA,48039,77541,480000000000000,28.976503,-95.377199,4500,NA,NAD83
110008153078,J V OIL RECLAMATION,HIGHWAY 365 BLDG 1,PORT ARTHUR,JEFFERSON,48245,77640,482000000000000,29.915496,-94.023327,NA,ENTRANCE POINT OF A FACILITY OR STATION,NAD83
110008153844,HOECHST CELANESE CHEMICAL INC,HIGHWAY 255,DEER PARK,HARRIS,48201,77536,NA,NA,NA,NA,NA,NAD83
110008153871,JOHN L ARMITAGE & CO,HIGHWAY 105 E,CUT AND SHOOT,MONTGOMERY,48339,77303,NA,NA,NA,NA,NA,NAD83
110008154335,PETROLEUM SHIPPING INC,OLD FERRY RD AND PLEASURE ISLE,PORT ARTHUR,JEFFERSON,48245,77640,NA,NA,NA,NA,NA,NAD83
110008156967,SYNERGY FLUIDS,OLD HIGHWAY 835,HULL,LIBERTY,48291,77564,NA,NA,NA,NA,NA,NAD83
110008157680,INDUSTRIAL SPECIALISTS INC,5015 NORTH HIGHWAY 288,LAKE JACKSON,BRAZORIA,48039,77566,480000000000000,29.08285,-95.41251,30,CENTER OF A FACILITY OR STATION,NAD83
110008160195,CHEVRON PHILLIPS CHEMICAL CO LP CLEMENS TERMINAL,2611 COUNTY ROAD 314,BRAZORIA,BRAZORIA,48039,77422,480000000000000,28.984953,-95.558009,980,FACILITY CENTROID,NAD83
110008160337,"INEOS USA, LLC - LAPORTE PAO FACILITY",1230 MILLER CUT-OFF RD GATE 10,LA PORTE,HARRIS,48201,77571,482000000000000,29.710851,-95.065571,25,CENTER OF FACILITY,NAD83
110008167982,PORT ARTHUR PLANT,1MI S INTX FM 823 & STHWY 73,PORT ARTHUR,JEFFERSON,48245,77640,482000000000000,29.868333,-93.995833,NA,PROCESS UNIT AREA CENTROID,NAD83
110008170237,THE DOW CHEMICAL COMPANY TEXAS OPERATIONS,2301 N BRAZOSPORT BLVD.,FREEPORT,BRAZORIA,48039,77541,480000000000000,28.9792,-95.3549,1000,CENTER OF A FACILITY OR STATION,NAD83
110008172057,JEFFERSON LAKE SULPHUR CO,FM 361 & FM 1994,NEEDVILLE,FORT BEND,48157,77461,NA,NA,NA,NA,NA,NAD83
110009493226,BASF CORP - HARBOR TERMINAL,FM 1495 3/10M S HWY 288,FREEPORT,BRAZORIA,48039,77541,480000000000000,28.936269,-95.338419,25,STORAGE TANK,NAD83
110009495894,GREENS PORT CRUDE BY RAIL TERMINAL,13609 INDUSTRIAL ROAD,HOUSTON,HARRIS,48201,77015-6835,482000000000000,29.754119,-95.190537,30,CENTER OF A FACILITY OR STATION,NAD83
110009495901,EXXONMOBIL CHEMICAL COMPANY - BPEP,11440 HIGHWAY 90,BEAUMONT,JEFFERSON,48245,777133486,482000000000000,30.068247,-94.23005,200,CENTER OF A FACILITY OR STATION,NAD83
110009501949,BRUCE CROZIER DBA SW TRADING INDUSTRIES,2505 COLLINGSWORTH ST STE W,HOUSTON,HARRIS,48201,77026,482000000000000,29.79371,-95.34499,30,CENTER OF A FACILITY OR STATION,NAD83
110009503741,MYLAN INSTITUTIONAL,12720 DAIRY ASHFORD,SUGAR LAND,FORT BEND,48157,77478-2844,482000000000000,29.63488,-95.59789,30,CENTER OF A FACILITY OR STATION,NAD83
110009504526,PASADENA COLEX,404 JEFFERSON RD,PASADENA,HARRIS,48201,77506,482000000000000,29.718133,-95.1827,50,ENTRANCE POINT OF A FACILITY OR STATION,NAD83
110009504937,MMD ENTERPRISES INC. - DBA AG-TEX CHEMICAL INC.,802 AVENUE A,KATY,HARRIS,48201,77493,482000000000000,29.786667,-95.820556,1,CENTER OF FACILITY,NAD83
110009506070,PRAXAIR INC.-LINDE DIVISION,6710 HOGABOOM ROAD,GROVES,JEFFERSON,48245,77619-6039,482000000000000,29.96307,-93.925624,50,ENTRANCE POINT OF A FACILITY OR STATION,NAD83
110009771390,CLARK PORT ARTHUR PIPELINE COMPANY,"ON WEST PORT ARTHUR RD, 5.5MI",BEAUMONT,JEFFERSON,48245,777059294,482000000000000,29.975,-94.058333,NA,NA,NAD83
110010578188,ALAC PORT NECHES ASU,FM 366 & PARK ST,PORT NECHES,JEFFERSON,48245,77651,482000000000000,29.977372,-93.952013,11000,UNKNOWN,NAD83
110011448987,HOUSTON TERMINAL 2,7600 J W PEAVY DR,HOUSTON,HARRIS,48201,77011,482000000000000,29.74401,-95.28601,30,CENTER OF A FACILITY OR STATION,NAD83
110011818603,KOPPERS CO,INDUSTRIAL RD @ ARMCO GATE 1 (PO BOX 961,HOUSTON,HARRIS,NA,77015,482000000000000,29.7572,-95.21511,30,ENTRANCE POINT OF A FACILITY OR STATION,NAD83
110012255040,MARTIN MIDSTREAM MEGA LUBRICANTS,15155 JACINTOPORT BLVD,HOUSTON,HARRIS,48201,77015,482000000000000,29.75375,-95.14071,30,CENTER OF A FACILITY OR STATION,NAD83
110012256076,HUNTSMAN ETHYLENEAMINES PLANT,307 COUNTY ROAD 624,FREEPORT,BRAZORIA,48039,77541,480000000000000,28.9525,-95.313,NA,CENTER OF FACILITY,NAD83
110012491721,NORMCO LEASING INC,1525 N 75TH ST,HOUSTON,HARRIS,48201,77011,482000000000000,29.742412,-95.288124,50,ENTRANCE POINT OF A FACILITY OR STATION,NAD83
110012495335,SCHLUMBERGER WELL SERVICES,14910 AIRLINE ROAD,HOUSTON,HARRIS,48201,77002,482000000000000,29.7188,-95.329,NA,NA,NAD83
110013328283,EXXONMOBIL BEAUMONT BLENDING AND PACKAGI,END OF SYCAMORE STREET,BEAUMONT,JEFFERSON,48245,77701,482000000000000,30.0544,-94.0702,NA,NA,NAD83
110013362770,SHINETSU SILICONES OF AMERICA - FREEPORT PLANT,5650 E HIGHWAY 332,FREEPORT,BRAZORIA,48039,77541,480000000000000,28.991322,-95.356989,50,ENTRANCE POINT OF A FACILITY OR STATION,NAD83
110013864808,EXXONMOBIL BEAUMONT BLENDING AND PACKAGING,END OF SYCAMORE ST,BEAUMONT,JEFFERSON,48245,77701,482000000000000,30.056919,-94.081717,NA,NA,NAD83
110013864997,SUGAR LAND BULK OIL CO,518 IMPERIAL BLVD.,SUGAR LAND,FORT BEND,48157,77498,482000000000000,29.620153,-95.641068,50,ENTRANCE POINT OF A FACILITY OR STATION,NAD83
110014407846,PORT NECHES PLANT,2121 PARK STREET,PORT NECHES,JEFFERSON,48245,77651-3500,482000000000000,29.981116,-93.952389,50,ENTRANCE POINT OF A FACILITY OR STATION,NAD83
110015582911,WEST U MARBLE,14715 PARK ALMEDA RD,HOUSTON,HARRIS,48201,77047-7003,482000000000000,29.59075,-95.42212,30,CENTER OF A FACILITY OR STATION,NAD83
110015666091,STAR ENTERPRISES,"US HIGHWAY 59, & FM 1485, NEW","NEW CANEY, TX",MONTGOMERY,48339,77357,NA,NA,NA,NA,NA,NAD83
110015685891,THOMAS PETROLEUM,11703 W PORT ARTHUR ROAD,BEAUMONT,JEFFERSON,48245,77705-0215,482000000000000,29.94675,-94.03736,30,CENTER OF A FACILITY OR STATION,NAD83
110015743070,PHILLIPS 66 CO FREEPORT II TERMINAL,FM 1495,SWEENY,BRAZORIA,48039,77480-0866,480000000000000,29.073302,-95.746156,20,CENTER OF FACILITY,NAD83
110015764252,SUNBELT LABORATORIES,1209 MOORE RD.,STAFFORD,FORT BEND,48157,77477,482000000000000,29.60095,-95.55225,30,CENTER OF A FACILITY OR STATION,NAD83
110016761823,LINDE - PA 497,2555 SAVANNAH AVENUE,PORT ARTHUR,JEFFERSON,48245,77641,482000000000000,29.884818,-93.965355,25,PROCESS UNIT,NAD83
110017285560,GE OIL & GAS COMPRESSION SYSTEMS HOUSTON,16250 PORT NORTHWEST DR,HOUSTON,HARRIS,48201,77041,482000000000000,29.87666,-95.57274,30,CENTER OF A FACILITY OR STATION,NAD83
110017713125,JACOBSON WAREHOUSE COMPANY,11505 HIGHWAY 225,LA PORTE,HARRIS,48201,77571,482000000000000,29.69235,-95.05161,30,CENTER OF A FACILITY OR STATION,NAD83
110017836699,DERRICK OIL & SUPPLY,1349 AUSTIN AVENUE,PORT ARTHUR,JEFFERSON,48245,77640-4104,482000000000000,29.87758,-93.94348,30,CENTER OF A FACILITY OR STATION,NAD83
110017867030,MARTIN MARIETTA MATERIALS INC,922 MAYO SHELL,HOUSTON,HARRIS,48201,77017,NA,NA,NA,NA,NA,NAD83
110017877751,TRANS GLOBAL SOLUTIONS INC,BLOCK & LEE ST,PORT NECHES,JEFFERSON,48245,77651,482000000000000,30.000675,-93.958389,30,FACILITY CENTROID,NAD83
110018936099,PORT ARTHUR LUBRICANTS PLANT,END OF WEST 7TH STREET,PORT ARTHUR,JEFFERSON,48245,77640,482000000000000,29.842715,-93.962671,100,CENTER OF FACILITY,NAD83
110020056384,HOUSTON MARINE SERVICES PORT ARTHUR TERMINAL,2706 S GULFWAY,PORT ARTHUR,JEFFERSON,48245,77640,482000000000000,29.89732,-93.930224,50,ENTRANCE POINT OF A FACILITY OR STATION,NAD83
110020148008,PORT ARTHUR PLANT,2001 SOUTH GULFWAY DRIVE (IN THE OLD CHEVRON REFINERY),PORT ARTHUR,JEFFERSON,48245,77640,482000000000000,29.850396,-93.977222,1943,FACILITY CENTROID,NAD83
110020478990,HOUSTON POLYMERS TERMINAL,10925 HIGHWAY 225,LA PORTE,HARRIS,48201,77571-8718,482000000000000,29.694198,-95.057766,50,ENTRANCE POINT OF A FACILITY OR STATION,NAD83
110020479935,MARTIN PRODUCT SALES LLC,10 SULFUR PLANT RD,BEAUMONT,JEFFERSON,48245,77703,482000000000000,30.029448,-94.056697,NA,ENTRANCE POINT OF A FACILITY OR STATION,NAD83
110020515735,ISP SYNTHETIC ELASTOMERS LP,1615 MAIN ST,PORT NECHES,JEFFERSON,48245,77651,482000000000000,29.987664,-93.944972,NA,CENTER OF A FACILITY OR STATION,NAD83
110021081979,HOBBY AIRPORT JET FUEL,MONROE @ BRYANT,HOUSTON,HARRIS,48201,77001,482000000000000,29.646111,-95.265556,NA,AIR RELEASE STACK,NAD83
110021132594,HIGH ISLAND TERMINAL,2.5 MI. N. OF HIGHLAND ON S.H. 124,HIGHLAND,CHAMBERS,48071,78024,481000000000000,29.59556,-94.387497,NA,AIR RELEASE STACK,NAD83
110022523946,MIDSTREAM FUEL SERVICE LLC (FREEPORT OOS),1122 MARLIN LN,FREEPORT,BRAZORIA,48039,77541,480000000000000,28.969757,-95.286519,50,ENTRANCE POINT OF A FACILITY OR STATION,NAD83
110022523955,BJ SERVICES,1018 TARPON LN,FREEPORT,BRAZORIA,48039,77541,480000000000000,28.95717,-95.29335,30,CENTER OF A FACILITY OR STATION,NAD83
110022523991,MIDSTREAM FUEL SERVICE LLC (SABINE PASS),7680 S  FIRST AVE,SABINE PASS,JEFFERSON,48245,77655,482000000000000,29.72075,-93.86733,30,CENTER OF A FACILITY OR STATION,NAD83
110022830409,A & A FERTILIZER LTD,NUMBER 1 GULF STATES RD.,BEAUMONT,JEFFERSON,48245,77701,482000000000000,30.05833,-94.03694,NA,ACRES POINTS NOT REPRESENTED BY 101-107,NAD83
110022832746,CENTRAL GREEN FACILITY HOUSTON,16602 CENTRAL GREEN BLVD,HOUSTON,HARRIS,48201,77032,482000000000000,29.96141,-95.37609,30,CENTER OF A FACILITY OR STATION,NAD83
110022832791,INEOS PHENOL,2001 GULFWAY DR BLDG 1746,PORT ARTHUR,JEFFERSON,48245,77640-4534,482000000000000,29.89174,-93.93542,50,ENTRANCE POINT OF A FACILITY OR STATION,NAD83
110023009689,GALENA PARK MARINE TERMINAL,12510 AMERICAN PETROLEUM RD.,GALENA PARK,HARRIS,48201,77547,482000000000000,29.742222,-95.209722,25,ADMINISTRATIVE BUILDING,NAD83
110024035970,NALCO CO PLANT 106,7701 HIGHWAY 90A,SUGARLAND,FORT BEND,48157,77478-2121,482000000000000,29.6192,-95.6375,NA,SE CORNER OF LAND PARCEL,NAD83
110024422472,COLONIAL TANK FARM,14713 W PORT ARTHUR RD,BEAUMONT,JEFFERSON,48245,77705,482000000000000,29.972336,-94.053349,50,ENTRANCE POINT OF A FACILITY OR STATION,NAD83
110024599031,CRAY VALLEY BEAUMONT TX,11455 IH-10,BEAUMONT,JEFFERSON,48245,77705-7043,482000000000000,29.979844,-94.215451,50,ENTRANCE POINT OF A FACILITY OR STATION,NAD83
110025330620,MOTIVA - PORT ARTHUR TERMINAL,3901 TEXACO ISLAND RD,PORT ARTHUR,JEFFERSON,48245,77640,482000000000000,29.831111,-93.957222,50,CENTER OF A FACILITY OR STATION,NAD83
110025333994,CENTURY ASPHALT LTD. ROSENBERG PLANT,835 HWY 36 N,ROSENBERG,FORT BEND,48157,77471,482000000000000,29.564344,-95.829867,50,ENTRANCE POINT OF A FACILITY OR STATION,NAD83
110027375472,CHEMICAL SPECIALTIES INC,302 MIDWAY RD,FREEPORT,BRAZORIA,48039,77541,480000000000000,28.95587,-95.33697,30,ENTRANCE POINT OF A FACILITY OR STATION,NAD83
110028042507,OYSTER CREEK COGENERATION PLANT,2301 N BRAZOSPORT BLVD,FREEPORT,BRAZORIA,48039,77541,480000000000000,28.980147,-95.342272,20,CENTER OF A FACILITY OR STATION,NAD83
110028042589,POWER STATION 3,2023 5TH AVE SOUTH,TEXAS CITY,GALVESTON,48167,77590,482000000000000,29.37912,-94.924301,50,ENTRANCE POINT OF A FACILITY OR STATION,NAD83
110028042598,POWER STATION 4,2023 5TH AVE SOUTH,TEXAS CITY,GALVESTON,48167,77590-8465,482000000000000,29.37912,-94.924301,50,ENTRANCE POINT OF A FACILITY OR STATION,NAD83
110028052461,POWER ISLAND,2.5 MI S OF FM 2917 ON FM 2004,ALVIN,BRAZORIA,48039,77512,480000000000000,29.2293,-95.1952,NA,NA,NAD83
110031267064,SHELL CHEMICAL,5900 HIGHWAY 225,DEER PARK,HARRIS,48201,77536,482000000000000,29.722222,-95.126944,NA,CENTER OF A FACILITY OR STATION,NAD83
110031291288,COVESTRO GULF COAST DISTRIBUTION CENTER,8406 FM 1405,BAYTOWN,HARRIS,48201,77523-9913,481000000000000,29.769277,-94.897906,50,ENTRANCE POINT OF A FACILITY OR STATION,NAD83
110031298405,PORTRAIT INNOVATIONS,2735 TOWN CENTER BLVD N STE Q,SUGAR LAND,FORT BEND,48157,77479-2595,482000000000000,29.594056,-95.621887,50,ENTRANCE POINT OF A FACILITY OR STATION,NAD83
110031302365,K-SOLV,1007 LAKESIDE DR,CHANNELVIEW,HARRIS,48201,77530,482000000000000,29.76833,-95.1036,30,CENTER OF A FACILITY OR STATION,NAD83
110031316350,MASTER CHEMICAL,500 HWY 19,HUNTSVILLE,WALKER,48471,77342,485000000000000,30.709166,-95.524166,NA,NA,NAD83
110031337202,WAL-MART DISTRIBUTION CENTER 7042,"4554 OSCAR NELSON, JR. DR",BAYTOWN,CHAMBERS,48071,77521,481000000000000,29.715674,-94.91133,50,ENTRANCE POINT OF A FACILITY OR STATION,NAD83
110031428202,SHAWCOR BEAUMONT CEMENT PIPE COATING FACILITY,1555 GRAND ST,BEAUMONT,JEFFERSON,48245,777035611,482000000000000,30.09641,-94.103025,50,ENTRANCE POINT OF A FACILITY OR STATION,NAD83
110032604652,SUNOCO LOGISTICS,2300 NORTH TWIN CITY,NEDERLAND,JEFFERSON,48245,77627,482000000000000,29.98871,-94.00536,50,ENTRANCE POINT OF A FACILITY OR STATION,NAD83
110032621492,TEXAS UNITED CHEMICAL CO. LLC,4800 SAN FELIPE STREET,HOUSTON,HARRIS,NA,77056,482000000000000,29.74935,-95.45805,30,CENTER OF A FACILITY OR STATION,NAD83
110032955853,VOPAK TERMINAL DEER PARK,2759 BATTLEGROUND RD,DEER PARK,HARRIS,48201,77536,482000000000000,29.741274,-95.094018,NA,ENTRANCE POINT OF A FACILITY OR STATION,NAD83
110033019454,STAFFORD TECHNOLOGY AND BUSINESS CENTER,12650 DIRECTORS DR,STAFFORD,FORT BEND,48157,774773788,482000000000000,29.63529,-95.5912,30,CENTER OF A FACILITY OR STATION,NAD83
110033180769,HULL LPG TERMINAL,EAST HWY 834 OFF FM 770 HULL T,HULL,LIBERTY,48291,77564,483000000000000,30.139444,-94.624444,NA,NA,NAD83
110033279672,BEST PAK WAREHOUSE,1415 EAST LOOP N,HOUSTON,HARRIS,48201,770293439,482000000000000,29.749998,-95.265428,50,ENTRANCE POINT OF A FACILITY OR STATION,NAD83
110033392905,BLANCHARD REFINING LAND TREATMENT FACILITY,PO BOX 401,TEXAS CITY,GALVESTON,48167,775920401,NA,NA,NA,NA,NA,NAD83
110033444850,BEAUMONT TERMINAL,1500' E INTX S THWY 366 & ST HWY 347,NEDERLAND,JEFFERSON,48245,77627,482000000000000,29.997801,-93.983184,NA,CENTER OF A FACILITY OR STATION,NAD83
110033486555,AIR LIQUIDE AMERICA BEAUMONT CO2,US HIGHWAY 347,BEAUMONT,JEFFERSON,NA,77705,NA,NA,NA,NA,NA,NAD83
110033488330,ARISTECH CHEMICAL,8811 SPRANG ROAD,LAPORTE,HARRIS,NA,77572,NA,NA,NA,NA,NA,NAD83
110033528644,MOTIVA BEAUMONT TERMINAL,9406 W PORT ARTHUR RD,BEAUMONT,JEFFERSON,48245,777059293,482000000000000,29.946666,-94.03761,NA,ENTRANCE POINT OF A FACILITY OR STATION,NAD83
110033566246,AUTOZONE 3510,4811 HIGHWAY 6,MISSOURI CITY,FORT BEND,48157,774593968,482000000000000,29.579393,-95.580954,50,ENTRANCE POINT OF A FACILITY OR STATION,NAD83
110033595312,DIAMOND SHAMROCK REFINING & MARKETING,819 MAIN,MONT BELVIEU,CHAMBERS,48071,77580,481000000000000,29.845426,-94.890236,150,ENTRANCE POINT OF A FACILITY OR STATION,NAD83
110033767252,KEMPER VALVE FITTINGS CORP,5650 GUHN RD,HOUSTON,HARRIS,48201,770406135,482000000000000,29.84728,-95.5146,30,CENTER OF A FACILITY OR STATION,NAD83
110033778446,LEMONS MILLS INDUSTRIAL LOCATION,9363 INDUSTRIAL DR,NAVASOTA,GRIMES,48185,778689516,482000000000000,30.369567,-96.084697,50,ENTRANCE POINT OF A FACILITY OR STATION,NAD83
110033794945,FKP PASADENA GYPSUM PILE,1100 JEFFERSON RD,PASADENA,HARRIS,NA,77506,482000000000000,29.74,-95.18,500,PLANT ENTRANCE (GENERAL),NAD83
110033860365,IN-LINE PLASTICS LC,8615 GOLDEN SPIKE LN,HOUSTON,HARRIS,48201,770863238,482000000000000,29.90996,-95.50416,30,CENTER OF A FACILITY OR STATION,NAD83
110033915994,KOCH PAVEMENT SOLUTIONS,GRIGSBY RD,PORT NECHES,JEFFERSON,48245,77651,NA,NA,NA,NA,NA,NAD83
110033939246,HOUSTON POLYMERS TERMINAL,10925 HIGHWAY 225,LA PORTE,HARRIS,48201,775718718,482000000000000,29.694198,-95.057766,150,ENTRANCE POINT OF A FACILITY OR STATION,NAD83
110033940118,JACOBSON WAREHOUSE COMPANY,9770 NEW CENTURY DR,PASADENA,HARRIS,48201,775071844,482000000000000,29.64931,-95.08779,30,CENTER OF A FACILITY OR STATION,NAD83
110033949592,LIPETROL TECHNOLOGIES,527A GOODSON LOOP,PINEHURST,MONTGOMERY,48339,773622589,NA,NA,NA,NA,NA,NAD83
110034061299,GYPSUM PILE,ON THE HOUSTON SHIP CHANNEL AT THE POINT WHERE JEF,PASADENA,HARRIS,48201,77506,482000000000000,29.743333,-95.184444,NA,NA,NAD83
110034088314,KINDER MORGAN ARROW TERMINALS GALENA PARK FACILITY,920 MAYO SHELL RD,GALENA PARK,HARRIS,201,775473290,482000000000000,29.723122,-95.244421,50,ENTRANCE POINT OF A FACILITY OR STATION,NAD83
110034102450,GENERAL CARGO TERMINAL,16800 PENINSULA ST,HOUSTON,HARRIS,48201,770156568,482000000000000,29.746087,-95.107272,50,ENTRANCE POINT OF A FACILITY OR STATION,NAD83
110034105091,JACOBSON WAREHOUSE COMPANY,11427 HWY 225,LA PORTE,HARRIS,48201,77571,482000000000000,29.692571,-95.052339,50,ENTRANCE POINT OF A FACILITY OR STATION,NAD83
110034197946,PORT ARTHUR DISTRIBUTION CENTER,7TH ST W,PORT ARTHUR,JEFFERSON,48245,77640,NA,NA,NA,NA,NA,NAD83
110034205189,15025 EAST FREEWAY,15025 INTERSTATE 10 E,BAYTOWN,HARRIS,48201,775208744,481000000000000,29.828576,-94.821584,150,ENTRANCE POINT OF A FACILITY OR STATION,NAD83
110034205991,ROYCHEM ASSOCIATES,"GRANT AVENUE, TEXAS CITY, TX",TEXAS CITY,GALVESTON,NA,77590,NA,NA,NA,NA,NA,NAD83
110034210636,CEDAR PROCESSING INC,3215 LONG BOUGH CT,HOUSTON,CHAMBERS,NA,770592825,482000000000000,29.60706,-95.13317,30,CENTER OF A FACILITY OR STATION,NAD83
110034219664,CRANE ENERGY FLOW SOLUTIONS,9135 IRVINGTON BLVD,HOUSTON,MONTGOMERY,NA,770222339,482000000000000,29.84298,-95.362671,50,ENTRANCE POINT OF A FACILITY OR STATION,NAD83
110034262152,VALERO CORNER STORE 2351,21689 HIGHWAY 35,SWEENY,BRAZORIA,39,774808502,480000000000000,29.084209,-95.736462,50,ENTRANCE POINT OF A FACILITY OR STATION,NAD83
110034354437,EARLE JORGENSEN STEEL,5311 CLINTON DR,HOUSTON,HARRIS,48201,770207911,482000000000000,29.76411,-95.3172,30,CENTER OF A FACILITY OR STATION,NAD83
110034380195,PLASTIPAK PACKAGING,222 KERRY RD,HIGHLANDS,HARRIS,48201,775623804,482000000000000,29.81714,-95.05453,30,CENTER OF A FACILITY OR STATION,NAD83
110034388856,PROCESS SOLUTIONS,4415 E GREENWOOD ST,BAYTOWN,HARRIS,48201,775209744,481000000000000,29.715752,-94.913846,50,ENTRANCE POINT OF A FACILITY OR STATION,NAD83
110034393378,CHEMOURS - BEAUMONT WORKS,5470 N TWIN CITY HWY,BEAUMONT,JEFFERSON,48245,77705,482000000000000,30.014764,-94.028837,100,CENTER OF A FACILITY OR STATION,NAD83
110034453062,PRO PLASTICS INC,9530 BAYTHORNE DR,HOUSTON,HARRIS,48201,770417712,482000000000000,29.84305,-95.52797,30,CENTER OF A FACILITY OR STATION,NAD83
110034475379,MAMMOET USA,20525 FM 521 RD,ROSHARON,BRAZORIA,48039,775838127,480000000000000,29.29718,-95.452589,50,ENTRANCE POINT OF A FACILITY OR STATION,NAD83
110034484476,SABINE PASS TERMINAL,7680 S FIRST AVE,SABINE PASS,JEFFERSON,48245,77655,482000000000000,29.72075,-93.86733,30,CENTER OF A FACILITY OR STATION,NAD83
110034713095,PORT NECHES,GRIGSBY AND WALNUT,PORT NECHES,JEFFERSON,48245,77651,482000000000000,29.9869,-93.9391,NA,NA,NAD83
110034786346,NECHES TERMINAL / NECHES WEST,1 GULF STATES RD,BEAUMONT,JEFFERSON,48245,77701,482000000000000,30.060555,-94.045555,NA,NA,NAD83
110034823797,MODERN AG BEAUMONT FACILITY,1655 LOUISIANA ST,BEAUMONT,JEFFERSON,48245,777011120,482000000000000,30.0949,-94.11277,30,CENTER OF A FACILITY OR STATION,NAD83
110035012223,AMERICAN RECONTAINER HOUSTON,5000 UNDERWOOD RD,PASADENA,HARRIS,48201,775071001,482000000000000,29.64024,-95.08649,30,CENTER OF A FACILITY OR STATION,NAD83
110035054909,ZAVAL - TEX CONST CO,17691 HIGHWAY 124,BEAUMONT,JEFFERSON,48245,777059157,482000000000000,29.91786,-94.25648,30,CENTER OF A FACILITY OR STATION,NAD83
110035098248,AMTECH INTERNATIONAL,5707 OLD CLINTON RD,HOUSTON,HARRIS,48201,770207347,482000000000000,29.76305,-95.30887,30,CENTER OF A FACILITY OR STATION,NAD83
110035115862,TRAILER MOUNTED PUMPS SURFACE COATING FACILITY,1841 PROCTER ST,PORT ARTHUR,JEFFERSON,48245,776406747,482000000000000,29.882445,-93.924748,50,ENTRANCE POINT OF A FACILITY OR STATION,NAD83
110035367643,PRAXAIR PORT ARTHUR HYDROGEN FACILITY,2100 HOUSTON AVE,PORT ARTHUR,JEFFERSON,48245,776403300,482000000000000,29.879656,-93.953025,50,ENTRANCE POINT OF A FACILITY OR STATION,NAD83
110035384143,PAVERS SUPPLY HUNTSVILLE PLANT PORTABLE GRINDING UNIT,PORTABLE,HUNTSVILLE,WALKER,48471,77340,485000000000000,30.7083,-95.5416,NA,NA,NAD83
110035388540,PORT ARTHUR CHEMICAL & ENVIRONMENTAL SERVICES,2420 GULFWAY DR,PORT ARTHUR,JEFFERSON,48245,776404541,482000000000000,29.895065,-93.932363,50,ENTRANCE POINT OF A FACILITY OR STATION,NAD83
110035812822,HUNTSMAN CORPORATION - THE WOODLANDS CORPORATE SITE,10003 WOODLOCH FOREST DR.,THE WOODLANDS,MONTGOMERY,48339,77380,483000000000000,30.15954,-95.45597,30,CENTER OF A FACILITY OR STATION,NAD83
110035817060,AMERICAN WAREHOUSE,1918 COLLINGSWORTH STREET,HOUSTON,HARRIS,48201,77009-4398,482000000000000,29.792222,-95.348333,25,CENTER OF FACILITY,NAD83
110035842817,FIBER PRODUCTS,608 PEDERSON ROAD,KATY,HARRIS,NA,77494,485000000000000,29.78439,-95.88122,30,CENTER OF A FACILITY OR STATION,NAD83
110037147156,APAC-TEXAS INC PINE STREET ASPHALT PLANT,860 PINE ST,BEAUMONT,JEFFERSON,48245,77701,482000000000000,30.089777,-94.099539,50,ENTRANCE POINT OF A FACILITY OR STATION,NAD83
110037542914,11012387001 DP1 WRTP 12387,1943 BATTLEGROUND RD,LA PORTE,HARRIS,NA,775719801,482000000000000,29.694686,-95.092723,50,ENTRANCE POINT OF A FACILITY OR STATION,NAD83
110037566185,PASADENA SMR PLANT,12222 PORT RD,PASADENA,HARRIS,48201,775071800,NA,NA,NA,NA,NA,NAD83
110037846007,CHEMCYCLE,1 GULF STATES RD BLDG 3,BEAUMONT,JEFFERSON,NA,77701,NA,NA,NA,NA,NA,NAD83
110037878204,BEAUMONT HYDROCARBON PROCESSING FACILITY,69 SOUTH EXIT ERIE STREET PROPERTY ON THE RIGHT AP,BEAUMONT,JEFFERSON,48245,77705,482000000000000,30.0216,-94.1008,NA,NA,NAD83
110037914175,CRYSTAPHASE PRODUCTS,29 BERRY RD,HOUSTON,HARRIS,48201,770223011,482000000000000,29.83728,-95.38087,30,CENTER OF A FACILITY OR STATION,NAD83
110037926625,FREEPORT GASIFICATION PLANT,SOUTHWEST OF INTERSECTION OF FM 523 AND STATE HWY,FREEPORT,BRAZORIA,48039,77541,NA,NA,NA,NA,NA,NAD83
110037966298,NORTH HOUSTON TERMINAL,AT THE CORNER OF HARDY RD & FARREL RD,HOUSTON,HARRIS,48201,77073,482000000000000,29.978392,-95.3888,NA,NA,NAD83
110037976946,TOTAL PETROCHEMICALS USA INC. - PORT ARTHUR REFINERY,NE OF INTERSECTION OF HIGHWAY 73 & HWY 366,PORT ARTHUR,JEFFERSON,48245,77642,482000000000000,29.964722,-93.891666,NA,NA,NAD83
110038205037,LUBRIZOL ADVANCED MATERIALS LA PORTE,550 BATTLEGROUND RD,LA PORTE,HARRIS,NA,77571,NA,NA,NA,NA,NA,NAD83
110038258088,"STOLLER ENTERPRISES, INC.",10551 FISHER RD,HOUSTON,HARRIS,48201,77041,482000000000000,29.86551,-95.55857,150,ENTRANCE POINT OF A FACILITY OR STATION,NAD83
110038417488,SALT DOME OPERATIONS,NORTHWEST OF OYSTER CREEK ALONG CR 226 ABOUT 1 MIL,NA,BRAZORIA,39,NA,NA,NA,NA,NA,NA,NAD83
110038487866,ALDINE TERMINAL,FROM THE INTERSECTION OF W HARDY RD AND ALDINE BEN,HOUSTON,HARRIS,48201,77060,NA,NA,NA,NA,NA,NAD83
110038856182,AIR SEPARATION FACILITY UCC,1720 HWY 146 SOUTH,TEXAS CITY,GALVESTON,48167,77590,482000000000000,29.394737,-94.951568,50,ENTRANCE POINT OF A FACILITY OR STATION,NAD83
110038912727,JOHNS MANVILLE LA PORTE,550 550 INDEPENDENCE PKWY S BLDG L8,LA PORTE,HARRIS,48201,77571-9768,NA,NA,NA,NA,NA,NAD83
110039104180,NORMAN & SON INC,1525 75TH ST,HOUSTON,HARRIS,48201,770111705,482000000000000,29.742412,-95.288124,50,ENTRANCE POINT OF A FACILITY OR STATION,NAD83
110039119245,STRATTON RIDGE STORAGE FACILITY,FM 523 & CR 277A,CLUTE,BRAZORIA,39,NA,NA,NA,NA,NA,NA,NAD83
110039516262,WESTWAY TRADING CORPORATION,9325 E AVENUE S,HOUSTON,HARRIS,48201,77012-2321,482000000000000,29.72477,-95.26331,NA,NA,NAD83
110040548743,PORT ARTHUR TEXAS REFINERY,HWY 366 AND 32ND ST.,PORT ARTHUR,JEFFERSON,48245,77642,482000000000000,29.964938,-93.891283,NA,NA,NAD83
110040881917,CEDAR BAYOU PLANT,9548 INTERSTATE 10 EAST--1 MI. W. OF HWY. 146,BAYTOWN,HARRIS,48201,77522,482000000000000,29.82028,-94.92666,100,POINT WHERE SUBSTANCE IS RELEASED,NAD83
110040883764,COLONIAL PIPELINE,ADJACENT TO COLONIAL PIPELINE COMPANY'S HEBERT STA,NEDERLAND,JEFFERSON,48245,77627,482000000000000,29.975833,-94.058333,50,CENTER OF A FACILITY OR STATION,NAD83
110040890818,MONT BELVIEU WEST STORAGE FACILITY,HIGHWAY 146,MONT BELVIEU,CHAMBERS,48071,77580,481000000000000,29.8508,-94.906203,NA,NA,NAD83
110040892157,M T B E  PRODUCTION FACILITY,2621 TIDAL ROAD,DEER PARK,HARRIS,48201,77536,482000000000000,29.73317,-95.09666,30,CENTER OF A FACILITY OR STATION,NAD83
110040940925,PORT ARTHUR REFINERY,32ND ST & HWY 366,PORT ARTHUR,JEFFERSON,48245,77640,482000000000000,29.963002,-93.890207,NA,CENTER OF A FACILITY OR STATION,NAD83
110040962768,BULK LIQUIDS STORAGE & DISTRIBUTION TERMINAL,15602 JACINTOPORT BLVD,CHANNELVIEW,HARRIS,48201,77015,482000000000000,29.749389999999998,-95.12361,30,CENTER OF A FACILITY OR STATION,NAD83
110041000555,STRATTON RIDGE FACILITY,6 M N OF FREEPORT ON FM 523,RICHWOOD,BRAZORIA,48039,77531,480000000000000,29.058183,-95.344361,50,CENTER OF A FACILITY OR STATION,NAD83
110041004659,CHANNELVIEW TERMINAL,16514 A DEZAVALA RD,CHANNELVIEW,HARRIS,48201,77530,482000000000000,29.762175,-95.102556,NA,NA,NAD83
110041006327,PORT ARTHUR PLANT,4245 SAVANNAH AVE,PORT ARTHUR,JEFFERSON,48245,77640,482000000000000,29.903023,-93.966363,50,ENTRANCE POINT OF A FACILITY OR STATION,NAD83
110041043849,MELENDY OPERATIONS SITE,11913 FM 529,HUMBLE,HARRIS,48201,77347,482000000000000,29.87111,-95.58667,100,POINT WHERE SUBSTANCE IS RELEASED,NAD83
110041043992,BAKER PETROLITE CHANNELVIEW,16950 WALLISVILLE ROAD,CHANNELVIEW,HARRIS,48201,77530,482000000000000,29.82152,-95.12405,30,CENTER OF A FACILITY OR STATION,NAD83
110041044063,NAFTA REGION OLEFINS COMPLEX,INTX OF HWY 366 & HWY 87,PORT ARTHUR,JEFFERSON,48245,77640,482000000000000,29.953626,-93.885011,NA,CENTER OF A FACILITY OR STATION,NAD83
110041045160,BEAUMONT PLANT,10658 HWY 90,BEAUMONT,JEFFERSON,48245,77701,482000000000000,30.063884,-94.21711,150,ENTRANCE POINT OF A FACILITY OR STATION,NAD83
110041048951,FREEPORT TERMINAL,AT THE INTERSECTION OF FM 1495 AND LEVEE ROAD,FREEPORT,BRAZORIA,48039,77541,480000000000000,28.9325,-95.33249,100,POINT WHERE SUBSTANCE IS RELEASED,NAD83
110041049638,OLEFINS & AROMATICS,2775 GULF STATES RD,BEAUMONT,JEFFERSON,48245,77704,482000000000000,30.069588,-94.062866,NA,CENTER OF A FACILITY OR STATION,NAD83
110041056184,TEXAS CITY TERMINAL 2 STOP,201 DOCK RD,TEXAS CITY,GALVESTON,48167,77590,482000000000000,29.37546,-94.89794,150,ENTRANCE POINT OF A FACILITY OR STATION,NAD83
110041103187,DAISETTA UNDERGROUND STORAGE,DAISETTA  77561,DAISETTA,LIBERTY,48291,77533,483000000000000,30.11611,-94.637222,NA,AIR RELEASE STACK,NAD83
110041126484,BEAUMONT CHEMICAL PLANT,ON WEST IH10 @  SMITH ROAD EXIT,BEAUMONT,JEFFERSON,48245,77704,482000000000000,29.973977,-94.21586,NA,CENTER OF A FACILITY OR STATION,NAD83
110041200624,BRYAN MOUND FACILITY,BRYAN MOUND NEAR US 288 S & SH 36,BRAZORIA,BRAZORIA,48039,77422,480000000000000,28.919017,-95.379064,NA,NA,NAD83
110041218367,BONANZA MARBLE,7043 C SATSUMA DR,HOUSTON,HARRIS,48201,77055,482000000000000,29.880897,-95.602778,NA,NA,NAD83
110041220979,CONROE MANUFACTURING FAC,5150 JEFFERSON CHEMICAL RD,CONROE,MONTGOMERY,48339,77301,483000000000000,30.31742,-95.38766,30,CENTER OF A FACILITY OR STATION,NAD83
110041385177,FM529 ASPHALT PLANT,FM 529 & US 290 W 1 MI ON FM 529; 0.3 MI S ON FM529,HOUSTON,HARRIS,48201,77041,482000000000000,29.874586,-95.583047,NA,NA,NAD83
110041419257,PORT NECHES OPERATIONS C4 PLANT,SPUR 136 & HWY 366,PORT NECHES,JEFFERSON,48245,77651,482000000000000,29.980003,-93.946021,100,CENTER OF A FACILITY OR STATION,NAD83
110041502282,CRAY VALLEY WALLISVILLE RD,17335 WALLISVILLE RD,CHANNELVIEW,HARRIS,48201,77530,482000000000000,29.82416,-95.11378,30,CENTER OF A FACILITY OR STATION,NAD83
110041548581,MERSIOL USA L L C,HWY. 124 & ROLLINS RD.,WINNIE,JEFFERSON,48245,77665,482000000000000,29.84722,-94.34361,NA,ACRES POINTS NOT REPRESENTED BY 101-107,NAD83
110041626443,LUBRIZOL ADVANCED MATERIALS LAPORTE FACILITY,600 INDEPENDENCE PKWY,LAPORTE,HARRIS,48201,77571,482000000000000,29.710133,-95.09081,50,ENTRANCE POINT OF A FACILITY OR STATION,NAD83
110041683675,MOTIVA CHEMICALS PORT ARTHUR TERMINAL,3901 3901 TEXACO ISLAND RD,PORT ARTHUR,JEFFERSON,48245,77640,NA,NA,NA,NA,NA,NAD83
110041683737,CHEMICAL RECOVERY TECHNOLOGIES LLC,2420A S GULFWAY DR,PORT ARTHUR,JEFFERSON,48245,77640,482000000000000,29.829848,-93.964691,NA,NA,NAD83
110041886607,RENEWABLE BIOFUELS INC,6501 HOGABOOM RD,PORT NECHES,JEFFERSON,48245,77651,482000000000000,29.9588,-93.92885,50,ENTRANCE POINT OF A FACILITY OR STATION,NAD83
110041921034,CONOCOPHILLIPS FREEPORT,CR 731 1/2 MI NE OF INTERX OF CR 731 AND FM 1495,FREEPORT,BRAZORIA,48039,77541,480000000000000,29.072278,-95.744703,100,CENTER OF A FACILITY OR STATION,NAD83
110041990913,EXXONMOBIL BEAUMONT REFINERY,1795 BURT ST,BEAUMONT,JEFFERSON,48245,77701,482000000000000,30.065833,-94.071388,NA,CENTER OF A FACILITY OR STATION,NAD83
110042002784,MARTIN ASPHALT - PORT NECHES,100 1/2 E PORT NECHES AVE,PORT NECHES,JEFFERSON,48245,77651,482000000000000,29.987831,-93.939103,NA,ENTRANCE POINT OF A FACILITY OR STATION,NAD83
110042351683,SOUTH HOUSTON ASPHALT,300 CHRISTI PLACE,HOUSTON,HARRIS,NA,77587,482000000000000,29.66201,-95.23151,30,CENTER OF A FACILITY OR STATION,NAD83
110042426853,HD PRO LOCATION 3265,"7110 OLD KATY RD., STE 190",HOUSTON,HARRIS,48201,770242152,482000000000000,29.78405,-95.45006,50,ENTRANCE POINT OF A FACILITY OR STATION,NAD83
110042427059,CAMPIER & CO,6702 ANTOINE DR,HOUSTON,HARRIS,48201,77091,482000000000000,29.8622,-95.47333,30,CENTER OF A FACILITY OR STATION,NAD83
110043231044,TEXAS INTERNATIONAL BUSINESS LLC,211 APRIL WATERS WEST,MONTGOMERY,MONTGOMERY,48339,77356,483000000000000,30.36915,-95.62358,30,CENTER OF A FACILITY OR STATION,NAD83
110043418655,INTERGULF MARINE TERMINAL,12003 STRANG RD,LAPORTE,HARRIS,48201,775719734,482000000000000,29.7,-95.0333,NA,ADMINISTRATIVE BUILDING,NAD83
110043799958,PASADENA PLANT,1423 PASADENA FWY,PASADENA,HARRIS,48201,77506,482000000000000,29.716191,-95.194361,25,PLANT ENTRANCE (GENERAL),NAD83
110043802819,AIR PRODUCTS LLC (PORT ARTHUR I),1801 SOUTH GULFWAY DRIVE,PORT ARTHUR,JEFFERSON,48245,776400909,482000000000000,29.859444,-93.965833,25,CENTER OF FACILITY,NAD83
110043816868,"MATHESON TRI-GAS, INC.",1407 PENNSYLVANIA AVE,SOUTH HOUSTON,HARRIS,48201,77587,482000000000000,29.656525,-95.246638,50,ENTRANCE POINT OF A FACILITY OR STATION,NAD83
110043861443,WESTLAKE EPOXY CARE OF DHL,8609 8609 CITYPARK LOOP,HOUSTON,HARRIS,48201,77013-3642,NA,NA,NA,NA,NA,NAD83
110043861452,INMAR SUPPLY CHAIN SOLUTIONS,9015 SPIKEWOOD DR,HOUSTON,HARRIS,48201,77078,482000000000000,29.823061,-95.256084,50,ENTRANCE POINT OF A FACILITY OR STATION,NAD83
110043993220,MARTIN OPERATING PARTNERSHIP - FREEPORT FM1495,2207-2 FM 1495,FREEPORT,BRAZORIA,48039,77541,480000000000000,28.923737,-95.342421,50,ENTRANCE POINT OF A FACILITY OR STATION,NAD83
110044358290,DAISETTA UNDERGROUND STORAGE,EAST OF BOB CAT LANE IN DAISET,DAISETTA,LIBERTY,48291,77533,483000000000000,30.121667,-94.636389,NA,NA,NAD83
110044802292,BRASKEM AMERICA,5005 E HWY 332 GATE 9 OC 450,FREEPORT,BRAZORIA,48039,77541,480000000000000,28.986902,-95.347906,50,ENTRANCE POINT OF A FACILITY OR STATION,NAD83
110045562627,3M COMPANY,1508 E CEDAR ST,ANGLETON,BRAZORIA,48039,77515,480000000000000,29.16978,-95.4135,30,CENTER OF A FACILITY OR STATION,NAD83
110045563528,NIPPON SHOKUBAI AMERICA INDUSTRIES PASADENA,SOUTHEAST CORNER OF PORT ROAD,PASADENA,HARRIS,48201,77507,482000000000000,29.701737,-95.357508,NA,ENTRANCE POINT OF A FACILITY OR STATION,NAD83
110045563975,EASTMAN CHEMICAL CO -BEAUMONT TEXAS OPERATIONS,5474 N TWIN CITY HWY,NEDERLAND,JEFFERSON,48245,77627,482000000000000,30.016094,-94.033839,NA,NA,NAD83
110045564000,FLOWCRETE NORTH AMERICA,"11133 I-45 SOUTH, STE. K",CONROE,MONTGOMERY,48339,77302,NA,NA,NA,NA,NA,NAD83
110045954954,BRASKEM OYSTER CREEK PLANT,"GATE9, BLDG OC-450, 5005 E HWY. 332",FREEPORT,BRAZORIA,48039,77541,NA,NA,NA,NA,NA,NAD83
110046247977,MAGPETCO TERMINAL,LAKESIDE DR,PORT NECHES,JEFFERSON,48245,77651,482000000000000,29.976595,-93.957847,NA,ENTRANCE POINT OF A FACILITY OR STATION,NAD83
110054094868,HALDOR TOPSOE INC,"17629 EL CAMINO REAL, SUITE 300",HOUSTON,HARRIS,48201,77058,482000000000000,29.54848,-95.10857,30,CENTER OF A FACILITY OR STATION,NAD83
110054864036,MONT BELVIEU TERMINAL,10319 HWY 146,MONT BELVIEU,CHAMBERS,48071,77580,481000000000000,29.843056,-94.895278,15,ADMINISTRATIVE BUILDING,NAD83
110054865213,VALERO REFINING MONT BELVIEU UDGD,1802 N LOOP 207 MONT BELVIEU TX 77580,MONT BELVIEU TX,CHAMBERS,48071,77580,NA,NA,NA,NA,NA,NAD83
110054866784,MATERIALS SCIENCE TECHNOLOGY INC - MARKET DEVELOPMENT,3607 N LOOP 336 W,CONROE,MONTGOMERY,48339,77304,NA,NA,NA,NA,NA,NAD83
110055261336,PORT ARTHUR DOCK,2420 DOWLING ROAD,PORT ARTHUR,JEFFERSON,NA,77640,482000000000000,29.830739,-93.967324,50,ENTRANCE POINT OF A FACILITY OR STATION,NAD83
110055415224,ACCREDO PACKAGING SUGAR LAND MANUFACTURING FACILITY,12682 CARDINAL MDW,SUGAR LAND,FORT BEND,48157,77478,NA,NA,NA,NA,NA,NAD83
110055499571,NA INDUSTRIES PASADENA,4631 OLD HWY 146 SUITE A,SEABROOK,HARRIS,48201,77586,482000000000000,29.600902,-95.022533,50,ENTRANCE POINT OF A FACILITY OR STATION,NAD83
110055948122,CLEARWATER INTERNATIONAL PASADENA WAREHOUSE,9770 NEW CENTURY DR STE 800,PASADENA,HARRIS,48201,775071844,482000000000000,29.64931,-95.08779,30,CENTER OF A FACILITY OR STATION,NAD83
110055948364,STAPLES CONTRACT & COMMERCIAL,6400 HOLLISTER ST,HOUSTON,HARRIS,48201,770406809,482000000000000,29.85722,-95.50521,30,CENTER OF A FACILITY OR STATION,NAD83
110055951288,AIR LIQUIDE LARGE INDUSTRIES U.S. LP-FREEPORT HPU,HIGHWAY 332,FREEPORT,BRAZORIA,48039,77541,480000000000000,28.980354,-95.353421,25,CENTER OF A FACILITY OR STATION,NAD83
110056336139,JACKRABBIT SERVICES,568 568 COUNTY ROAD 2073,HULL,LIBERTY,48291,77564-5840,NA,NA,NA,NA,NA,NAD83
110056685074,FREEPORT HYDROCHLOR,2301 BRAZOSPORT BLVD,FREEPORT,BRAZORIA,NA,77541,480000000000000,28.981692,-95.376501,50,ENTRANCE POINT OF A FACILITY OR STATION,NAD83
110056955647,AIR LIQUIDE FREEPORT HPU PLANT,FM 523 OYSTER CREEK DIVISION OC-409 (GATE 9),FREEPORT,BRAZORIA,NA,77541,480000000000000,28.950047,-95.2909,50,ENTRANCE POINT OF A FACILITY OR STATION,NAD83
110056961480,ENTERPRISE PRODUCTS - MONT BELVIEU FACILITY,10207 FM 1942 RD,BAYTOWN,CHAMBERS,48071,77523,481000000000000,29.857573,-94.912893,NA,CENTER OF A FACILITY OR STATION,NAD83
110056970568,CHEVRON PHILLIPS CHEMICAL SWEENY OLD OCEAN FACILITIES,21441 LOOP 419,SWEENY,BRAZORIA,TX039,77480,NA,NA,NA,NA,NA,NAD83
110057205162,PALMER LOGISTICS BAY AREA,13001 BAY AREA BLVD,PASADENA,HARRIS,48201,77507,482000000000000,29.642182,-95.047382,30,LOADING FACILITY,NAD83
110057651606,"ENDURO COMPOSITES, INC.",16602 CENTRAL GREEN BLVD.,HOUSTON,HARRIS,NA,77032,482000000000000,29.96183,-95.37606,30,CENTER OF A FACILITY OR STATION,NAD83
110058209219,IGLOO PRODUCTS CORP.,777 IGLOO RD.,KATY,FORT BEND,NA,77494,485000000000000,29.780714,-95.901344,50,ENTRANCE POINT OF A FACILITY OR STATION,NAD83
110059190021,"TOTAL PETROCHEMICALS USA, INC.",HWY. 366 & 32ND STREET,PORT ARTHUR,JEFFERSON,NA,77642,NA,NA,NA,NA,NA,NAD83
110059337506,HUNTSMAN CORPORATION,2701 SPUR 136,PORT NECHES,JEFFERSON,48245,77651,482000000000000,29.979925,-93.944071,50,ENTRANCE POINT OF A FACILITY OR STATION,NAD83
110059441037,PALMER LOGISTICS,13001 BAY AREA BLVD,PASADENA,HARRIS,48201,77507,482000000000000,29.64297,-95.04688,30,CENTER OF A FACILITY OR STATION,NAD83
110059674446,JEFFERSON GAS PROCESSING,14504 ROLLINS RD,WINNIE,JEFFERSON,48245,77665-9018,482000000000000,29.83266,-94.342439,50,ENTRANCE POINT OF A FACILITY OR STATION,NAD83
110059708678,CEMEX HUMBLE READY MIX PLANT,15409 OLD HUMBLE RD,HUMBLE,HARRIS,48201,77396,482000000000000,29.94414,-95.279547,50,ENTRANCE POINT OF A FACILITY OR STATION,NAD83
110059763000,AIR PRODUCTS LLC - PASADENA SMR,1423 HWY 225,PASADENA,HARRIS,48201,77506,482000000000000,29.716011,-95.200573,NA,NA,NAD83
110059763536,GALVESTON BAY REFINERY,2401 FIFTH AVENUE SOUTH,TEXAS CITY,GALVESTON,48167,77592,482000000000000,29.374444,-94.925,NA,CENTER OF A FACILITY OR STATION,NAD83
110059775989,RUSSS OIL FILTER DISPOSAL,307 307 FONTAINE ST,CROSBY,HARRIS,48201,77532-6283,NA,NA,NA,NA,NA,NAD83
110060240957,CELANESE,GUN RANGE,PASADENA,HARRIS,48201,77507,NA,NA,NA,NA,NA,NAD83
110060241019,KEMIRA CHEMICALS,11505 KEM HIGHWAY 225,LA PORTE,HARRIS,48201,77571,NA,NA,NA,NA,NA,NAD83
110060241126,DOW CHEMICAL,119 HIGHWAY 225,LA PORTE,HARRIS,48201,77571,NA,NA,NA,NA,NA,NAD83
110060241885,PRAXAIR PORT ARTHUR,1801 GULFWAY DR,PORT ARTHUR,JEFFERSON,48245,776404416,482000000000000,29.89028,-93.9368,30,CENTER OF A FACILITY OR STATION,NAD83
110061565747,EXXONMOBIL - BTEC,5200 BAYWAY DR,BAYTOWN,HARRIS,48201,77520,482000000000000,29.74397,-95.02764,50,ENTRANCE POINT OF A FACILITY OR STATION,NAD83
110061575576,"GREIF, INC",9280 BAYTHORNE DR,HOUSTON,HARRIS,NA,77041,482000000000000,29.842412,-95.521799,50,ENTRANCE POINT OF A FACILITY OR STATION,NAD83
110061654856,K-SOLV,1015 LAKESIDE DR,CHANNELVIEW,HARRIS,48201,77530,482000000000000,29.76785,-95.10361,30,CENTER OF A FACILITY OR STATION,NAD83
110061715791,TEXAS DISTRIBUTION SERVICES,13609 INDUSTRIAL ROAD,HOUSTON,HARRIS,48201,77015,482000000000000,29.755413,-95.188229,50,ENTRANCE POINT OF A FACILITY OR STATION,NAD83
110062118505,"THE GOODYEAR TIRE & RUBBER COMPANY, BEAUMONT CHEMICAL PLANT",11357 IH 10 EAST,BEAUMONT,JEFFERSON,48245,77705,482000000000000,29.974564,-94.216583,30,FACILITY CENTROID,NAD83
110062250031,HUNTSMAN PETROCHEMICAL LLC - PORT NECHES,6001 HIGHWAY 366,PORT NECHES,JEFFERSON,NA,77651,482000000000000,29.988885,-93.97581,50,ENTRANCE POINT OF A FACILITY OR STATION,NAD83
110062306598,PHILLIPS 66 COMPANY - FREEPORT TERMINAL MIDSTREAM,S.H. 36 & FM 1495,FREEPORT,BRAZORIA,48039,77541,NA,NA,NA,NA,NA,NAD83
110062913147,THERMO FLUIDS,8635 8635 HOWTON ST,HOUSTON,HARRIS,48201,77028-4813,NA,NA,NA,NA,NA,NAD83
110063186403,CALUMET PENRECO DICKINSON,4401 PARK AVENUE,DICKINSON,GALVESTON,48167,77539,482000000000000,29.45949,-95.04409,30,CENTER OF A FACILITY OR STATION,NAD83
110063385661,ENDURANCE COMPOSITES,8130 MCHARD RD,HOUSTON,FORT BEND,48157,77053,482000000000000,29.58129,-95.44738,50,ENTRANCE POINT OF A FACILITY OR STATION,NAD83
110063681724,REFINERY SPECIALTIES HEMPSTEAD FACILITY,38106 FM 3346 RD,HEMPSTEAD,WALLER,48473,774452003,485000000000000,30.054246,-96.039944,50,ENTRANCE POINT OF A FACILITY OR STATION,NAD83
110063945085,APPELT TERMINAL,EAST OF BELTWAY 8 AND NORTH OF JACINTOPORT BOULEVARD NEAR THE HOUSTON SHIP CHANNEL,HOUSTON,HARRIS,48201,77015,482000000000000,29.75655,-95.144386,NA,NA,NAD83
110063958016,PORT ARTHUR PLANT,FROM INTX OF HWY 69 MEMORIAL BLVD AND HWY 73 GO 2.,PORT ARTHUR,JEFFERSON,48245,77641,482000000000000,29.862942,-93.977817,NA,NA,NAD83
110064014347,AMAZONCOM SERVICES - HOU1,8120 HUMBLE WESTFIELD RD,HUMBLE,HARRIS,48201,77338-4142,482000000000000,30.00132,-95.303097,50,ENTRANCE POINT OF A FACILITY OR STATION,NAD83
110064034922,"AXIALL EAGEL US 2 LLC - LA PORTE - LA PORTE, TX",1901 AVENUE H AT 16TH STREET,LA PORTE,HARRIS,NA,77571,482000000000000,29.654833,-95.036528,NA,NA,NAD83
110064116781,TECHNO SYSTEMS,552 INDEPENDENCE PKWY,LA PORTE,HARRIS,48201,77571,482000000000000,29.70988,-95.09091,50,ENTRANCE POINT OF A FACILITY OR STATION,NAD83
110064117012,PORT FACILITY,9317 E AVENUE S,HOUSTON,HARRIS,48201,77001,482000000000000,29.724869,-95.260931,NA,NA,NAD83
110064203847,BEAUMONT CHEMICAL PLANT,IH-10 EAST AT SMITH ROAD,BEAUMONT,JEFFERSON,48245,77705,482000000000000,30.09588,-94.10458,30,ENTRANCE POINT OF A FACILITY OR STATION,NAD83
110064212276,AMERICAN ACRYL LP,4631 OLD HIGHWAY 146,SEABROOK,HARRIS,48201,77586,482000000000000,29.600902,-95.022533,50,ENTRANCE POINT OF A FACILITY OR STATION,NAD83
110064436374,THOMAS PETROLEUM LLC SEMINOLE,1891 US HWY 62-180 W,SEMINOLE,GRIMES,48185,79360,482000000000000,32.71897,-102.64505,NA,CENTER OF FACILITY,NAD83
110064450277,CRT OIL,2420A S GULFWAY DR,PORT ARTHUR,JEFFERSON,NA,77640,NA,NA,NA,NA,NA,NAD83
110064465127,PFP INDUSTRIES,34011 SUNSET LN,BROOKSHIRE,WALLER,48473,774238517,485000000000000,29.8785,-95.95845,30,CENTER OF A FACILITY OR STATION,NAD83
110064671886,PRECISION URETHANE & MACHINE,612 3RD ST,HEMPSTEAD,WALLER,48473,77445-4826,485000000000000,30.09853,-96.07022,30,CENTER OF A FACILITY OR STATION,NAD83
110064847206,APPELT TERMINAL,2500 APPELT DR,HOUSTON,HARRIS,TX201,77015,482000000000000,29.762663,-95.141229,50,ENTRANCE POINT OF A FACILITY OR STATION,NAD83
110064847652,POLY VINYL ALCOHOL PLANT,13100 BAY AREA BLVD,LA PORTE,HARRIS,TX201,77571,482000000000000,29.646324,-95.04681,50,ENTRANCE POINT OF A FACILITY OR STATION,NAD83
110066943605,BLUE CUBE OPERATIONS FREEPORT,2301 N BRAZOSPORT BLVD,FREEPORT,BRAZORIA,48039,77541,NA,NA,NA,NA,NA,NAD83
110066988120,BOSTCO TERMINAL,1836 MILLER CUT OFF ROAD,LA PORTE,HARRIS,48201,77571,482000000000000,29.711089,-95.067028,50,ENTRANCE POINT OF A FACILITY OR STATION,NAD83
110067042006,CHEMICAL SPECIALTY PLANT,2775 GULF STATES ROAD,BEAUMONT,JEFFERSON,48245,77704,482000000000000,30.061002,-94.068815,50,ENTRANCE POINT OF A FACILITY OR STATION,NAD83
110067107151,CALUMET PENRECO DICKINSON PLANT,4401 PARK AVENUE,DICKINSON,GALVESTON,48167,77539,482000000000000,29.45949,-95.04409,30,CENTER OF A FACILITY OR STATION,NAD83
110067115981,BIO-MEDICAL & PHARM. MFG. CORP.,4311 SOUTH DR,HOUSTON,FORT BEND,NA,77053,482000000000000,29.58569,-95.44352,30,CENTER OF A FACILITY OR STATION,NAD83
110067130660,LA PORTE SMR,11450 W. FAIRMONT PARKWAY,LA PORTE,HARRIS,48201,77571,482000000000000,29.651494,-95.053576,50,ENTRANCE POINT OF A FACILITY OR STATION,NAD83
110067249267,SYNTHETIC OILS & LUBRICANTS OF TEXAS,300B DELTA PKWY,BAYTOWN,CHAMBERS,48071,77523,481000000000000,29.7714,-94.88851,500,ENTRANCE POINT OF A FACILITY OR STATION,NAD83
110067267638,KROGER MAINTENANCE,680 GELLHORN DR,HOUSTON,HARRIS,48201,77029-1404,482000000000000,29.77784,-95.272,50,ENTRANCE POINT OF A FACILITY OR STATION,NAD83
110067659064,FLOWCRETE NORTH AMERICA - SPRING,616 SPRING HILL DR,SPRING,MONTGOMERY,48339,77386,483000000000000,30.122341,-95.433196,50,ENTRANCE POINT OF A FACILITY OR STATION,NAD83
110067678392,DOW BEAUMONT ANILINE,5470 N TWIN CITY HWY STE A,NEDERLAND,JEFFERSON,48245,77627,482000000000000,30.015406,-94.029378,NA,NA,NAD83
110069234661,KINDER MORGAN CRUDE AND CONDENSATE LLC,407 CLINTON DR,GALENA PARK,HARRIS,48201,77547,482000000000000,29.732598,-95.220457,50,ENTRANCE POINT OF A FACILITY OR STATION,NAD83
110069265066,"UTEX INDUSTRIES, INC.",116 A INDUSTRIAL COURT,CONROE,MONTGOMERY,48339,77301,483000000000000,30.315039,-95.43366,NA,NA,NAD83
110069408876,COVESTRO LLC,8500 W BAY RD,BAYTOWN,CHAMBERS,48071,77523,481000000000000,29.747285,-94.912741,50,ENTRANCE POINT OF A FACILITY OR STATION,NAD83
110069446157,AMERIPOL SYNPOL CORP,1215 MAIN ST,PORT NECHES,JEFFERSON,48245,77651,482000000000000,29.990873,-93.947833,50,ENTRANCE POINT OF A FACILITY OR STATION,NAD83
110069449270,INEOS POLYMERS,1230 INDEPENDENCE PKWY S,LA PORTE,HARRIS,48201,77571,482000000000000,29.716031,-95.089649,50,ENTRANCE POINT OF A FACILITY OR STATION,NAD83
110069449289,DUPONT PERFORMANCE ELASTOMERS (DPE) BEAUMONT PLANT,5470 TWIN CITY HWY,NEDERLAND,JEFFERSON,48245,77627,482000000000000,30.012778,-94.027222,25,PROCESS UNIT,NAD83
110069453184,METTON AMERICA,2727 MILLER CUT OFF RD,LA PORTE,HARRIS,48201,77571,482000000000000,29.726066,-95.079584,50,ENTRANCE POINT OF A FACILITY OR STATION,NAD83
110069465867,SOLVAY FLUORIDES LLC,3737 BUFFALO SPEEDWAY.,HOUSTON,HARRIS,48201,77098,482000000000000,29.732957,-95.428044,NA,NA,NAD83
110069496959,"KMTEX, LLC",2450 GULFWAY DR S,PORT ARTHUR,JEFFERSON,48245,77640,482000000000000,29.829276,-93.966729,50,ENTRANCE POINT OF A FACILITY OR STATION,NAD83
110069525785,PHILLIPS 66 PASADENA TERMINAL,233 N PHILLIPS RD,PASADENA,HARRIS,48201,77506,NA,NA,NA,NA,NA,NAD83
110069639564,ASHLAND FOR CANAL CARTAGE,1445 SENS RD,LA PORTE,HARRIS,48201,77571,482000000000000,29.686177,-95.046847,50,ENTRANCE POINT OF A FACILITY OR STATION,NAD83
110069708007,KROGER MAINTENANCE,7170 W 43RD ST STE 150,HOUSTON,HARRIS,48201,77092-5729,482000000000000,29.83556,-95.49949,30,CENTER OF A FACILITY OR STATION,NAD83
110069715703,KMTEX,2450 GULFWAY DR S,PORT ARTHUR,JEFFERSON,48245,77640,482000000000000,29.829276,-93.966729,50,ENTRANCE POINT OF A FACILITY OR STATION,NAD83
110069719665,KINDER MORGAN EXPORT TERMINAL,901 LIGHT COMPANY RD,PASADENA,HARRIS,48201,775061068,482000000000000,29.72186,-95.22533,30,CENTER OF A FACILITY OR STATION,NAD83
110070049106,OILTANKING GALVESTON COUNTY,2301 HIGHWAY 146 N,TEXAS CITY,GALVESTON,48167,77590,482000000000000,29.407517,-94.957103,50,ENTRANCE POINT OF A FACILITY OR STATION,NAD83
110070055385,"LINDE-FREEPORT, TX",5619 EAST STATE HWY 332,FREEPORT,BRAZORIA,48039,77541,NA,NA,NA,NA,NA,NAD83
110070061386,ITC PASADENA TERMINAL,1030 ETHYL ROAD,PASADENA,HARRIS,48201,77503,482000000000000,29.743456,-95.16848,50,ENTRANCE POINT OF A FACILITY OR STATION,NAD83
110070070427,ALLEGHENY PETROLEUM PRODUCTS CO.,22614 N HIGHWAY 288,ANGLETON,BRAZORIA,48039,77515,480000000000000,29.264771,-95.451482,10,CENTER OF FACILITY,NAD83
110070070486,RELADYNE - PORT ARTHUR,947 PROCTER ST,PORT ARTHUR,JEFFERSON,48245,77640,482000000000000,29.875041,-93.931667,50,ENTRANCE POINT OF A FACILITY OR STATION,NAD83
110070070487,RELADYNE - PORT ARTHUR AUSTIN,1349 AUSTIN AVE,PORT ARTHUR,JEFFERSON,48245,77640,482000000000000,29.87758,-93.94348,30,CENTER OF A FACILITY OR STATION,NAD83
110070070787,CHEMSTATION TEXAS GULF COAST,2701 APPELT DR,HOUSTON,HARRIS,48201,77015,482000000000000,29.769607,-95.148382,10,CENTER OF FACILITY,NAD83
110070071770,OCI BEAUMONT LLC,5470 N. TWIN CITY HWY.,NEDERLAND,JEFFERSON,48245,77627,482000000000000,30.017336,-94.035029,NA,ACRES POINTS NOT REPRESENTED BY 101-107,NAD83
110070081647,ENTERPRISE PRODUCTS - HATCHERVILLE ROAD COMPLEX,12901 HATCHERVILLE ROAD,BAYTOWN,CHAMBERS,48071,77521,481000000000000,29.868174,-94.919083,50,ENTRANCE POINT OF A FACILITY OR STATION,NAD83
110070081820,LINDE FACILITY 0497,2555 SAVANNAH AVE,PORT ARTHUR,JEFFERSON,48245,77641,482000000000000,29.89018,-93.948251,50,ENTRANCE POINT OF A FACILITY OR STATION,NAD83
110070101941,CST PERFORMANCE PRODUCTS CORP. PLANT 7001,14632 EXXON ROAD,CONROE,MONTGOMERY,NA,77302,483000000000000,30.240989,-95.378838,50,ENTRANCE POINT OF A FACILITY OR STATION,NAD83
110070118609,GOODYEAR TIRE & RUBBER BEAUMONT CHEMICAL PLANT,11241 INTERSTATE HWY 10,BEAUMONT,JEFFERSON,48245,77704,NA,NA,NA,NA,NA,NAD83
110070122927,DERRICK OIL AND SUPPLY,947 947 PROCTER ST,PORT ARTHUR,JEFFERSON,48245,77640-6526,NA,NA,NA,NA,NA,NAD83
110070123032,REO PROCESSING TEXAS,102 102 W 8TH ST,FREEPORT,BRAZORIA,48039,77541-5656,480000000000000,28.94526,-95.348327,NA,ENTRANCE POINT OF A FACILITY OR STATION,NAD83
110070123048,NATGASOLINE,2366 2366 SULPHUR PLANT RD,BEAUMONT,JEFFERSON,48245,77705,482000000000000,30.02779,-94.05786,NA,NA,NAD83
110070124252,AMAZONCOM SERVICES HOU2,10550 ELLA BLVD,HOUSTON,HARRIS,48201,77038-2324,482000000000000,29.93728,-95.4324,200,ENTRANCE POINT OF A FACILITY OR STATION,NAD83
110070126631,VWR MISSOURI CITY,521 HIGHWAY 90 A STE 140,MISSOURI CITY,FORT BEND,48157,77489-1305,482000000000000,29.6244,-95.523214,50,ENTRANCE POINT OF A FACILITY OR STATION,NAD83
110070135386,VALERO ENERGY PARTNERS LP,9701 MANCHESTER,HOUSTON,HARRIS,48201,77012,482000000000000,29.71839,-95.25343,30,CENTER OF A FACILITY OR STATION,NAD83
110070135413,ETHYL CORPORATION,1000 N. SOUTH STREET,PASADENA,HARRIS,48201,77503,482000000000000,29.734056,-95.17,3,WATER RELEASE PIPE,NAD83
110070135427,CHEMSTATION OF SOUTH TEXAS,2701 APPELT DR,HOUSTON,HARRIS,48201,77015,482000000000000,29.76804,-95.147201,50,ENTRANCE POINT OF A FACILITY OR STATION,NAD83
110070144053,THE DOW CHEMICAL COMPANY,1900 TIDAL RD,DEER PARK,HARRIS,48201,77536,482000000000000,29.73151,-95.10135,50,ENTRANCE POINT OF A FACILITY OR STATION,NAD83
110070151869,PALMER LOGISTICS,4505 AMERIPORT PKWY.,BAYTOWN,CHAMBERS,48071,77523,481000000000000,29.765877,-94.883119,508,ADMINISTRATIVE BUILDING,NAD83
110070158531,ALLIED PETROCHEMICAL,2330 FM 2917 RD,ALVIN,BRAZORIA,48039,77511,480000000000000,29.318786,-95.254903,50,ENTRANCE POINT OF A FACILITY OR STATION,NAD83
110070164098,SONGWON INTERNATIONAL AMERICAS INC. - LA PORTE,102 OLD UNDERWOOD RD,LA PORTE,HARRIS,48201,77571,482000000000000,29.702381,-95.088429,50,ENTRANCE POINT OF A FACILITY OR STATION,NAD83
110070165077,TEXACO SERVICE STATION,15100 BELLAIRE BLVD,HOUSTON,HARRIS,201,770833104,482000000000000,29.70135,-95.65258,50,ENTRANCE POINT OF A FACILITY OR STATION,NAD83
110070165078,TEXACO SERVICE STATION 42 049 1526,13210 VETERANS MEMORIAL DR,HOUSTON,HARRIS,201,770141602,482000000000000,29.979361,-95.49194,50,ENTRANCE POINT OF A FACILITY OR STATION,NAD83
110070165083,TEXACO SERVICE STATION,11905 BISSONNET ST,HOUSTON,HARRIS,201,770991469,482000000000000,29.67517,-95.58771,30,CENTER OF A FACILITY OR STATION,NAD83
110070165618,MISSION PETRO CARRIERS,BRAZORIA,ANGLETON,BRAZORIA,39,NA,NA,NA,NA,NA,NA,NAD83
110070167735,EXXON USA,102 CAVALCADE ST,HOUSTON,HARRIS,201,770093211,482000000000000,29.803948,-95.37185,50,ENTRANCE POINT OF A FACILITY OR STATION,NAD83
110070167935,BRYAN MOUND STRATEGIC PETROLEUM RESERVE,1900 COUNTY ROAD 242 # A,FREEPORT,BRAZORIA,39,775418200,480000000000000,28.92034,-95.37351,50,ENTRANCE POINT OF A FACILITY OR STATION,NAD83
110070168607,EASTMAN CHEMICAL SORBIC UNIT CHOCOLATE BAYOU,7 MI SE OF ALVIN ON FM,ALVIN,BRAZORIA,39,77512,NA,NA,NA,NA,NA,NAD83
110070170381,TEXACO SERVICE STATION,22560 ALDINE WESTFIELD RD,SPRING,HARRIS,201,773738808,482000000000000,30.04196,-95.38301,30,CENTER OF A FACILITY OR STATION,NAD83
110070170409,TEXACO SERVICE STATION,11019 BRIAR FOREST DR,HOUSTON,HARRIS,201,770422211,482000000000000,29.74787,-95.57166,30,CENTER OF A FACILITY OR STATION,NAD83
110070170419,TEXACO SERVICE STATION 42 049 1394,890 S MASON RD,KATY,HARRIS,201,774503941,482000000000000,29.77003,-95.75177,30,CENTER OF A FACILITY OR STATION,NAD83
110070176192,AUTOZONE 4242,6400 N ELDRIDGE PKWY,HOUSTON,HARRIS,201,770413506,482000000000000,29.86839,-95.60839,30,CENTER OF A FACILITY OR STATION,NAD83
110070176195,AUTOZONE 4248,10140 HIGHWAY 6,MISSOURI CITY,FORT BEND,157,774594746,482000000000000,29.53245,-95.51203,30,CENTER OF A FACILITY OR STATION,NAD83
110070177778,SODIUM CYANIDE MANUFACTURING PLANT,FROM ALVIN GO S ON HWY 35 FOR 7 MI UNTIL THE HWY I,ALVIN,BRAZORIA,39,77512,NA,NA,NA,NA,NA,NAD83
110070178123,AUTOZONE 4259,8477 HIGHWAY 6 N,HOUSTON,HARRIS,201,770952003,482000000000000,29.901205,-95.634832,50,ENTRANCE POINT OF A FACILITY OR STATION,NAD83
110070178124,AUTOZONE 4258,11902 SPRING CYPRESS RD,TOMBALL,HARRIS,201,773778086,482000000000000,30.012817,-95.605488,50,ENTRANCE POINT OF A FACILITY OR STATION,NAD83
110070178127,AUTOZONE 4240,13739 CYPRESS NORTH HOUSTON RD,CYPRESS,HARRIS,201,774293752,482000000000000,29.9474,-95.62746,30,CENTER OF A FACILITY OR STATION,NAD83
110070180005,TR INTERNATIONAL,13103 BAYPARK RD,PASADENA,HARRIS,201,775071105,482000000000000,29.641816,-95.065398,50,ENTRANCE POINT OF A FACILITY OR STATION,NAD83
110070183112,BEAUMONT GAS TO GASOLINE PLANT,2366 SULFUR PLANT RD,BEAUMONT,JEFFERSON,245,77705,482000000000000,30.031389,-94.053889,NA,NA,NAD83
110070186276,OLIN RD CRUDE BUTADIENE MS MC 43 44,OLIN RD,BEAUMONT,JEFFERSON,245,77705,482000000000000,30.03945,-94.06577,500,ENTRANCE POINT OF A FACILITY OR STATION,NAD83
110070188225,AIR LIQUIDE SPINDLETOP HYDROGEN STORAGE,946 SPINDLETOP RD,BEAUMONT,JEFFERSON,245,777056653,482000000000000,30.021105,-94.073236,50,ENTRANCE POINT OF A FACILITY OR STATION,NAD83
110070188909,OFFSITE DEMOLITION CHARLTON POLLARD NEIGHBORHOOD,2110 CARROLL ST,BEAUMONT,JEFFERSON,245,777016314,482000000000000,30.06681,-94.07956,30,CENTER OF A FACILITY OR STATION,NAD83
110070189812,INTERNATIONAL DISTRIBTION,4331 UNDERWOOD RD STE 400,PASADENA,HARRIS,201,775071085,482000000000000,29.64421,-95.086189,50,ENTRANCE POINT OF A FACILITY OR STATION,NAD83
110070191337,EQUISTAR CHEMICALS AT KATOEN NATIE,10925 STATE HIGHWAY 225,LA PORTE,HARRIS,201,77571,NA,NA,NA,NA,NA,NAD83
110070198458,SOLENIS AT ISP TECHNOLOGIES,4501 ATTWATER AVE TEXAS CITY TX 77590,NA,GALVESTON,167,NA,NA,NA,NA,NA,NA,NAD83
110070207319,ADVANCED AUTO PARTS DISTRIBUTION CENTER 49,11810 N GESSNER RD,HOUSTON,HARRIS,48201,77064-1189,482000000000000,29.943888,-95.546641,50,ENTRANCE POINT OF A FACILITY OR STATION,NAD83
110070225313,AMAZONCOM SERVICES HOU3,31555 KATY-BROOKSHIRE RD,KATY,WALLER,48473,77493,NA,NA,NA,NA,NA,NAD83
110070225316,ASHLAND AT CANAL CARTAGE,1445 1445 SENS RD,LA PORTE,HARRIS,48201,77571-9669,NA,NA,NA,NA,NA,NAD83
110070225688,HOUSTON MARINE TERMINAL,2345 TIDAL ROAD,DEER PARK,HARRIS,48201,77536,482000000000000,29.73318,-95.09632,50,ENTRANCE POINT OF A FACILITY OR STATION,NAD83
110070239253,RELADYNE,1349 AUSTIN AVE,PORT ARTHUR,JEFFERSON,48245,77640,482000000000000,29.87758,-93.94348,30,CENTER OF A FACILITY OR STATION,NAD83
110070240998,HOUSTON REFINING,12000 LAWNDALE AVENUE,HOUSTON,HARRIS,48201,77017,482000000000000,29.708566,-95.24124,50,ENTRANCE POINT OF A FACILITY OR STATION,NAD83
110070261730,GT LOGISTICS GULFWAY TERMINAL,2350 GULFWAY DR,PORT ARTHUR,JEFFERSON,48245,77640,482000000000000,29.89453,-93.93285,50,ENTRANCE POINT OF A FACILITY OR STATION,NAD83
110070274447,"SEATEX, LLC",239 TX HWY 36,ROSENBERG,FORT BEND,48157,77471,482000000000000,29.529733,-95.940716,10,STORAGE TANK,NAD83
110070289334,PHARMEDIUM SERVICES,12620 W AIRPORT BLVD STE 130,SUGAR LAND,FORT BEND,48157,77478-6200,482000000000000,29.64713,-95.60324,30,CENTER OF A FACILITY OR STATION,NAD83
110070293489,AQUA SOLUTIONS,6913 HIGHWAY 225,DEER PARK,HARRIS,48201,77536-2414,482000000000000,29.70668,-95.09832,30,CENTER OF A FACILITY OR STATION,NAD83
110070298694,UNITED PLASTICS,2005 CANAL ST,HOUSTON,HARRIS,48201,77003-1005,482000000000000,29.75935,-95.34882,30,CENTER OF A FACILITY OR STATION,NAD83
110070308095,SEMASYS,4701 BLALOCK RD,HOUSTON,HARRIS,48201,77041-9240,482000000000000,29.84041,-95.52416,30,CENTER OF A FACILITY OR STATION,NAD83
110070334362,SUMMIT PRESSURE CONTROL,5658 WHEATLEY ST,HOUSTON,HARRIS,48201,77091-5523,482000000000000,29.84845,-95.4289,30,CENTER OF A FACILITY OR STATION,NAD83
110070337042,VALERO TEXAS CITY REFINERY FIRE,1301 LOOP 197 SOUTH,TEXAS CITY,GALVESTON,48167,77590,482000000000000,29.37038,-94.912265,50,ENTRANCE POINT OF A FACILITY OR STATION,NAD83
110070363214,SOUTH COAST TERMINALS STRANG ROAD FACILITY,10900 STRANG RD,LA PORTE,HARRIS,48201,77571-9735,482000000000000,29.7022,-95.06072,30,CENTER OF A FACILITY OR STATION,NAD83
110070364074,SUNOCO PARTNERS NEDERLAND TERMINAL,2300 N TWIN CITY HWY,NEDERLAND,JEFFERSON,48245,77627-3550,482000000000000,30.0075,-93.991111,NA,NA,NAD83
110070365318,PRAXAIR,100 STRANG RD,LA PORTE,HARRIS,48201,77571-7524,482000000000000,29.68913,-95.03341,50,ENTRANCE POINT OF A FACILITY OR STATION,NAD83
110070366998,UMICORE CATALYST USA,9900 BAYPORT BLVD,PASADENA,HARRIS,48201,77507,482000000000000,29.614095,-95.05884,50,ENTRANCE POINT OF A FACILITY OR STATION,NAD83
110070368589,TEXAS INTERNATIONAL TERMINALS,4800 OLD PORT INDUSTRIAL BLVD GALVESTON TX 77554,GALVESTON,GALVESTON,48167,77554,482000000000000,29.302843,-94.824539,NA,NA,NAD83
110070368851,"TOTAL PETROCHEMICALS & REFINING USA, INC.",1818 INDEPENDENCE PKWY S,LA PORTE,HARRIS,48201,77571-9803,482000000000000,29.726493,-95.089772,50,ENTRANCE POINT OF A FACILITY OR STATION,NAD83
110070373940,ALLEGHENY PETROLEUM PRODUCTS,22614 N HIGHWAY 288B,ANGLETON,BRAZORIA,48039,77515-4883,480000000000000,29.264722,-95.450917,NA,NA,NAD83
110070375269,AIR LIQUIDE LA PORTE SMR,11450 W FAIRMONT PKWY,LA PORTE,HARRIS,48201,77571-6000,482000000000000,29.651494,-95.053576,50,ENTRANCE POINT OF A FACILITY OR STATION,NAD83
110070376092,J A M DISTRIBUTING,3795 STONE OAK DR,BEAUMONT,JEFFERSON,48245,77705-6518,482000000000000,30.0372,-94.12157,30,CENTER OF A FACILITY OR STATION,NAD83
110070379462,"MVP TERMINALLING, LLC - PASADENA TERMINAL",3449 PASADENA FWY,PASADENA,HARRIS,48201,77503,482000000000000,29.712598,-95.162655,50,ENTRANCE POINT OF A FACILITY OR STATION,NAD83
110070380556,AMAZONCOM SERVICES HHO2,6911 FAIRBANKS N HOUSTON RD,HOUSTON,HARRIS,48201,77040-1437,482000000000000,29.86862,-95.52465,30,CENTER OF A FACILITY OR STATION,NAD83
110070435102,IRC RETURNS CENTER HOUSTON,1815 TURNING BASIN DR STE 240,HOUSTON,HARRIS,48201,77029-4034,482000000000000,29.750816,-95.265466,50,ENTRANCE POINT OF A FACILITY OR STATION,NAD83
110070435166,HOME DEPOT #5501 HOUSTON MDO,7301 SECURITY WAY,JERSEY VILLAGE,HARRIS,48201,77040,482000000000000,29.87465,-95.55694,500,ENTRANCE POINT OF A FACILITY OR STATION,NAD83
110070435174,AMAZONCOM SERVICES DPA7,9851 FALLBROOK PINES DR,HOUSTON,HARRIS,48201,77064-3329,482000000000000,29.92696,-95.56527,200,ENTRANCE POINT OF A FACILITY OR STATION,NAD83
110070435215,METROPOLITAN TRANSIT AUTHORITY OF HARRIS COUNTY,1220 MCCARTY ST.,HOUSTON,HARRIS,48201,77029-4142,482000000000000,29.767152,-95.283795,50,ENTRANCE POINT OF A FACILITY OR STATION,NAD83
110070435223,MEGLOBAL OYSTER CREEK,4057 E HIGHWAY 332,FREEPORT,BRAZORIA,48039,77541-8649,480000000000000,28.980228,-95.333659,50,ENTRANCE POINT OF A FACILITY OR STATION,NAD83
110070454213,SK PRIMACOR AMERICAS,"2301 N. BRAZOSPORT BLVD,. B-7701",FREEPORT,BRAZORIA,48039,77541,480000000000000,28.981692,-95.376501,50,ENTRANCE POINT OF A FACILITY OR STATION,NAD83
110070498744,HFOTCO LLC,15855 JACINTOPORT BLVD,HOUSTON,HARRIS,48201,77015,482000000000000,29.74902,-95.12227,30,CENTER OF A FACILITY OR STATION,NAD83
110070507083,NATGASOLINE LLC,2366 SULPHUR PLANT ROAD,BEAUMONT,JEFFERSON,48245,77705,482000000000000,30.02779,-94.05786,500,ENTRANCE POINT OF A FACILITY OR STATION,NAD83
110070516144,WOODFIELD DISTRIBUTION,1113 GILLINGHAM LN STE A,SUGAR LAND,FORT BEND,48157,77478-2865,482000000000000,29.638729,-95.61347,50,ENTRANCE POINT OF A FACILITY OR STATION,NAD83
110070520804,KMTEX,2450 GULFWAY DR,PORT ARTHUR,JEFFERSON,TX245,77640,482000000000000,29.89555,-93.9319,30,CENTER OF A FACILITY OR STATION,NAD83
110070525259,CORTEVA-FREEPORT OPERATIONS,2301 N. BRAZOSPORT BOULEVARD,FREEPORT,BRAZORIA,48039,77541,480000000000000,28.981692,-95.376501,50,ENTRANCE POINT OF A FACILITY OR STATION,NAD83
110070527900,SWEENY HYDROGEN PRODUCTION PLANT,8985 8985 W COUNTY RD 359,SWEENY,BRAZORIA,48039,77480,480000000000000,29.061056,-95.739944,NA,NA,NAD83
110070557810,WARREN GULF COAST,910 RANKIN RD,HOUSTON,HARRIS,48201,77073-4604,482000000000000,29.96594,-95.39485,30,CENTER OF A FACILITY OR STATION,NAD83
110070557969,MESSER LLC,11605 STRANG ROAD,LA PORTE,HARRIS,48201,77571,482000000000000,29.702389,-95.05082,50,ENTRANCE POINT OF A FACILITY OR STATION,NAD83
110070558426,ADHESIVE POLYMERS PLANT,2301 N BRAZOSPORT BLVD B7701,FREEPORT,BRAZORIA,48039,77541-3203,480000000000000,28.981692,-95.376501,50,ENTRANCE POINT OF A FACILITY OR STATION,NAD83
110070602361,AMAZONCOM SERVICES DHO4,5615 W FUQUA ST BLDG D,HOUSTON,HARRIS,48201,77085-4079,482000000000000,29.608251,-95.473876,NA,NA,NAD83
110070615797,MEGLOBAL AMERICAS INC,4057 E SH332,FREEPORT,BRAZORIA,48039,77541,NA,NA,NA,NA,NA,NAD83
110070626827,STREAMLINE POLYMERS,16950 WALLISVILLE ROAD,HOUSTON,HARRIS,48201,77049,482000000000000,29.82152,-95.12405,30,CENTER OF A FACILITY OR STATION,NAD83
110070628300,AMAZONCOM SERVICES DHO5,1875 S LOCKWOOD DR,HOUSTON,HARRIS,48201,77023-1358,482000000000000,29.778192,-95.315951,50,ENTRANCE POINT OF A FACILITY OR STATION,NAD83
110070633527,LBC FREEPORT TERMINAL,4057 E HIGHWAY 332,FREEPORT,BRAZORIA,48039,77541-8649,480000000000000,28.980228,-95.333659,50,ENTRANCE POINT OF A FACILITY OR STATION,NAD83
110070633528,INEOS OLIGOMERS CHOCOLATE BAYOU,15916 FM RD 2004,ALVIN,BRAZORIA,48039,77511,NA,NA,NA,NA,NA,NAD83
110070671732,AIR PRODUCTS BAYTOWN 3 FACILITY,8500 WEST BAY ROAD,BAYTOWN,CHAMBERS,48071,77520,481000000000000,29.747285,-94.912741,50,ENTRANCE POINT OF A FACILITY OR STATION,NAD83
110070672299,TOTALENERGIES CRAY VALLEY BEAUMONT,11455 IH 10,BEAUMONT,JEFFERSON,TX245,77705,482000000000000,29.979844,-94.215451,50,ENTRANCE POINT OF A FACILITY OR STATION,NAD83
110070675765,CORTEVA FREEPORT OPERATIONS,698 MIDWAY RD,FREEPORT,BRAZORIA,48039,77541,480000000000000,28.95587,-95.33697,50,ENTRANCE POINT OF A FACILITY OR STATION,NAD83
110070676912,MHBA CHOCOLATE BAYOU PLANT,FROM STATE RD 35 HEAD SE ON FM ROAD FOR 7.0 MI TAK,ALVIN,BRAZORIA,48039,77512,NA,NA,NA,NA,NA,NAD83
110070686490,WEST TEN BUSINESS PARK - BUILDING 3,28420 W TEN BLVD,KATY,HARRIS,48201,77494-1514,485000000000000,29.7793,-95.855924,NA,NA,NAD83
110070716064,SUMMIT REFRIGERANTS,8541 E. NORTH BELT DRIVE,HUMBLE,HARRIS,48201,77396,482000000000000,29.937105,-95.257748,50,ENTRANCE POINT OF A FACILITY OR STATION,NAD83
110070789259,HARTREE CHANNELVIEW FACILITY,16518 DE ZAVALLA ROAD,CHANNELVIEW,HARRIS,48201,77530,482000000000000,29.767641,-95.105138,50,ENTRANCE POINT OF A FACILITY OR STATION,NAD83
110070790674,RENEWABLE BIOFUELS PORT NECHES LLC,6501 HOGABOOM RD,GROVES,JEFFERSON,48245,77619,482000000000000,29.960087,-93.927766,NA,NA,NAD83
110070791092,SEAWAY PIPELINE,2.1 MI NE OF INTERSECTION OF CR 731 & 1495 ON FREE,FREEPORT,BRAZORIA,TX039,77541,NA,NA,NA,NA,NA,NAD83
110070793791,DHX3 DELIVERY STATION,12900 W AIRPORT BLVD,SUGAR LAND,FORT BEND,48157,77478-6246,482000000000000,29.6461,-95.61038,30,CENTER OF A FACILITY OR STATION,NAD83
110070801659,JACAM THE WOODLANDS,2319 TIMBERLOCH PL STE H,THE WOODLANDS,MONTGOMERY,48339,77380-1040,483000000000000,30.15975,-95.47256,30,CENTER OF A FACILITY OR STATION,NAD83
110070801660,PALMER LOGISTICS,5121 5121 AMERIPORT PKWY,BAYTOWN,CHAMBERS,48071,77523-4400,481000000000000,29.774895,-94.886703,NA,ENTRANCE POINT OF A FACILITY OR STATION,NAD83
110070813779,INEOS OLIGOMERS CHOCOLATE BAYOU,15916 FM 2004,ALVIN,BRAZORIA,48039,77511,480000000000000,29.29067,-95.12534,NA,NA,NAD83
110070819603,"AIR PRODUCTS AND CHEMICALS LAPORTE, LYH",10207 STRANG ROAD,LA PORTE,HARRIS,48201,77571,482000000000000,29.70208,-95.06838,30,CENTER OF A FACILITY OR STATION,NAD83
110070826640,AMAZONCOM SERVICES HOU7,16225 TOMBALL PKWY BLDG A,HOUSTON,HARRIS,48201,77064,482000000000000,29.944218,-95.526221,50,ENTRANCE POINT OF A FACILITY OR STATION,NAD83
110070827820,MOMENTIVE SPECIALTY CHEMICALS INC - DEER PARK SITE,5900 HWY 225 E,DEER PARK,HARRIS,48201,77536,482000000000000,29.7117,-95.1183,NA,PLANT ENTRANCE (GENERAL),NAD83
110070830066,AMAZONCOM SERVICES DHX1,3031 3031 S SAM HOUSTON PKWY E,HOUSTON,HARRIS,48201,77047,482000000000000,29.599,-95.376,NA,NA,NAD83
110070835766,EXXONMOBIL BT SITE,5000 BAYWAY DR,BAYTOWN,HARRIS,48201,77520,482000000000000,29.73489,-95.02272,50,ENTRANCE POINT OF A FACILITY OR STATION,NAD83
110070838669,PROJECT MCFLY,22525 CLAY RD,KATY,HARRIS,48201,77449-8200,482000000000000,29.8278,-95.7701,NA,NA,NAD83
110070863213,HONEYWELL INTERNATIONAL PALMER BAYTOWN WAREHOUSE,5121 5121 AMERIPORT PKWY STE H,BAYTOWN,HARRIS,48201,77523-4400,NA,NA,NA,NA,NA,NAD83
110070863245,INHANCE TECHNOLOGIES BERWICK,22008 22008 N BERWICK DR,HOUSTON,HARRIS,48201,77095-5053,NA,NA,NA,NA,NA,NAD83
110070864284,INEOS POLYETHYLENE,"1230 INDEPENDENCE PARKWAY, S.",LAPORTE,HARRIS,48201,77571,482000000000000,29.71629,-95.08965,NA,NA,NAD83
110070868473,AMAZONCOM SERVICES DHO3,9155 9155 DERRINGTON RD,HOUSTON,HARRIS,48201,77064,482000000000000,29.922267,-95.538228,NA,NA,NAD83
110070870644,3M ANGLETON,1508 E CEDAR ST,ANGLETON,BRAZORIA,48039,77515,480000000000000,29.16978,-95.4135,30,CENTER OF A FACILITY OR STATION,NAD83
110070879004,"DIVERSIFIED CPC INTERNATIONAL, INC.",12060 US-90,BEAUMONT,JEFFERSON,48245,77713,482000000000000,30.063567,-94.219416,50,ENTRANCE POINT OF A FACILITY OR STATION,NAD83
110070882039,BATTLEGROUND OIL SPECIALTY TERMINAL,APPROX 1.7 MI N OF THE INTX OF MILLER CUT OFF RD A,LA PORTE,HARRIS,TX201,77571,NA,NA,NA,NA,NA,NAD83
110070887224,NA INDUSTRIES PASADENA,PLANT LOCATED AT THE SOUTHEAST CORNER OF PORT ROAD AND OLD HIGHWAY 146 IN THE BAYPORT 4631 OLD HWY 1,PASADENA,HARRIS,48201,77507,482000000000000,29.600556,-95.0225,NA,NA,NAD83
110070887225,HOUSTON TANK TERMINAL,7101 MILLER RD 2 POSITIONED AT THE N SIDE OF MOORE RD W OF THE CORNER OF THE INTX OF MOORE RD AND MI,HOUSTON,HARRIS,48201,77049,NA,NA,NA,NA,NA,NAD83
110070887227,SPLITTER FACILITY,407 CLINTON DR,GALENA PARK,HARRIS,48201,77547,482000000000000,29.732598,-95.220457,50,ENTRANCE POINT OF A FACILITY OR STATION,NAD83
110070887513,CHOCOLATE BAYOU,15916 FM 2004,ALVIN,BRAZORIA,48039,77511,NA,NA,NA,NA,NA,NAD83
110070888286,VOPAK MODA HOUSTON TERMINAL,6601 STATE HIGHWAY 225,DEER PARK,HARRIS,48201,77536,NA,NA,NA,NA,NA,NAD83
110070889524,"ALTIVIA OXIDE CHEMICALS, LLC",16503 RAMSEY RD,CROSBY,HARRIS,48201,77532,482000000000000,29.92201,-95.054147,NA,NA,NAD83
110070932452,LINDE-SWEENY,8985 WEST CR 359,SWEENY,BRAZORIA,48039,77480,NA,NA,NA,NA,NA,NAD83
110070935626,"LINDE - LA PORTE, TX",100 STRANG ROAD,LA PORTE,HARRIS,48201,77571,NA,NA,NA,NA,NA,NAD83
110070935704,LINDE HYCO CLEAR LAKE PLANT,9602 BAYPORT BLVD,PASADENA,HARRIS,48201,77507,482000000000000,29.626862,-95.067472,NA,NA,NAD83
110070942904,NCFI MISSOURI CITY,1023 BUFFALO RUN,MISSOURI CITY,FORT BEND,48157,77489,482000000000000,29.612049,-95.514854,NA,NA,NAD83
110070946720,AMAZONCOM SERVICES STX4,10611 10611 RED BLUFF RD,PASADENA,HARRIS,48201,77507-1168,482000000000000,29.60655,-95.07444,NA,NA,NAD83
110071042124,NOVVI LLC,2525 INDEPENDENCE PARKWAY,LA PORTE,HARRIS,48201,77571,482000000000000,29.734666,-95.089865,50,ENTRANCE POINT OF A FACILITY OR STATION,NAD83
110071043824,CHEMSTATION HOUSTON,2701 APPELT DR,HOUSTON,HARRIS,48201,77015,482000000000000,29.76804,-95.147201,50,ENTRANCE POINT OF A FACILITY OR STATION,NAD83
110071046351,BAYPORT POLYMERS LLC ETHANE CRACKER,7600 32ND ST,PORT ARTHUR,JEFFERSON,48245,77642,NA,NA,NA,NA,NA,NAD83
110071071864,INEOS US CHEMICALS COMPANY,FM-519,TEXAS CITY,GALVESTON,48167,77590,482000000000000,29.359108,-94.929035,NA,NA,NAD83
110071074818,AMAZONCOM SERVICES STX5,5215 CAMPBELL RD,HOUSTON,HARRIS,48201,77041-7607,482000000000000,29.846678,-95.532039,50,ENTRANCE POINT OF A FACILITY OR STATION,NAD83
110071075811,AMAZONCOM SERVICES HOU8,2303 HURRICANE LN,FRESNO,FORT BEND,48157,77545,482000000000000,29.544342,-95.497571,NA,NA,NAD83
110071140323,AMAZONCOM SERVICES DHX4,22300 NORTHCREST DR,SPRING,HARRIS,48201,77389,482000000000000,30.091958,-95.517116,50,ENTRANCE POINT OF A FACILITY OR STATION,NAD83
110071140326,AMAZONCOM SERVICES - DHO8,11311 11311 N GESSNER RD,HOUSTON,HARRIS,48201,77064-1342,NA,NA,NA,NA,NA,NAD83
110071140341,VOPAK INDUSTRIAL INFRASTRUCTURE AMERICAS FREEPORT,2301 N BRAZOSPORT BLVD BLDG A-2813,FREEPORT,BRAZORIA,48039,77541-3203,480000000000000,28.981692,-95.376501,50,ENTRANCE POINT OF A FACILITY OR STATION,NAD83
110071140342,QUVA PHARMA,1005 INDUSTRIAL BLVD,SUGAR LAND,FORT BEND,48157,77478-2831,482000000000000,29.64098,-95.60768,30,CENTER OF A FACILITY OR STATION,NAD83
110071159352,ROHM AND HAAS TEXAS DEER PARK PLANT,1900 TIDAL RD,DEER PARK,HARRIS,48201,77536,482000000000000,29.73151,-95.10135,NA,NA,NAD83
110071159551,INDORAMA VENTURES OXIDES LLC,6001 HIGHWAY 366,PORT NECHES,JEFFERSON,48245,77651,482000000000000,29.972631,-93.957237,NA,NA,NAD83
110071159763,INDORAMA VENTURES OXIDES LLC,P.O. 711,ALVIN,BRAZORIA,48039,77512,480000000000000,29.418771,-95.239067,NA,NA,NAD83
110071159860,GP CONDENSATE SPLITTER,407 CLINTON DRIVE,GALENA PARK,HARRIS,48201,77547,482000000000000,29.732598,-95.220457,50,ENTRANCE POINT OF A FACILITY OR STATION,NAD83
110071159899,OXY VINYLS LP - DEER PARK VCM FACILITY,"5900 HWY 225, GATE 8A",DEER PARK,HARRIS,48201,77536,482000000000000,29.724893,-95.112543,NA,NA,NAD83
110071160095,MCA BEAUMONT SITE,6350 NORTH TWIN CITY HIGHWAY,NEDERLAND,JEFFERSON,48245,77627,482000000000000,30.008092,-94.03105,NA,NA,NAD83
110071160421,PASADENA PLANT,3003 STATE HIGHWAY 225,PASADENA,HARRIS,48201,77503,482000000000000,29.694534,-95.158846,NA,NA,NAD83
110071160743,INEOS US CHEMICALS COMPANY,2800 FM 519E,TEXAS CITY,GALVESTON,48167,77592,NA,NA,NA,NA,NA,NAD83
110071161653,INEOS NOVA LLC BAYPORT SITE,12222 PORT RD.,PASADENA,HARRIS,48201,77507,482000000000000,29.60407,-95.01689,NA,NA,NAD83
110071161725,LYONDELL CHEMICAL CHANNELVIEW,NA,CHANNELVIEW,HARRIS,NA,77530,482000000000000,29.81909,-95.12692,NA,NA,NAD83
110071162173,BAYPORT PLANT,12212 PORT ROAD,PASADENA,HARRIS,48201,77507,482000000000000,29.63515,-95.0576,500,ENTRANCE POINT OF A FACILITY OR STATION,NAD83
110071162250,BEAUMONT POLYETHYLENE PLANT,11440 HWY 90 WEST,BEAUMONT,JEFFERSON,48245,77713,482000000000000,30.063707,-94.218396,50,ENTRANCE POINT OF A FACILITY OR STATION,NAD83
110071162497,CHANNELVIEW COMPLEX,NA,CHANNELVIEW,HARRIS,NA,77530,482000000000000,29.830278,-95.106972,NA,NA,NAD83
110071175656,PRAXAIR CLEAR LAKE PLANT,NW CORNER OF CELANESE INDUSTRIAL COMPLEX ON FAR N END OF BAYPORT BLVD,PASADENA,HARRIS,48201,77507,NA,NA,NA,NA,NA,NAD83
110071192960,FULGENT,8560 KATY FWY STE 200,HOUSTON,HARRIS,48201,77024-1810,482000000000000,29.78476,-95.49649,30,CENTER OF A FACILITY OR STATION,NAD83
110071256767,US DOE BRYAN MOUND SPR-FLUOR FEDERAL PETROLEUM OPERATIONS,1900 COUNTY RD 242,FREEPORT,BRAZORIA,48039,77541,480000000000000,28.92034,-95.37351,50,ENTRANCE POINT OF A FACILITY OR STATION,NAD83
